id,subject,sender,date,body_preview,prediction,timestamp
297,Why shouldn't kids watch adult stuff?,Quora Digest <english-personalized-digest@quora.com>,"Wed, 10 Jul 2024 07:56:15 +0000","Top stories for Drivetv

-----

Question: Why shouldn't kids watch adult stuff?


Answer from Pratibha Abhishek Sahu


I am the best person to answer this as I have been carrying this trauma...",Safe Email (Ham),2025-09-28T16:46:34.146934
298,"I failed in life. I used to be a topper but left with nothing. I ruined my life, I am...?",Quora Digest <english-personalized-digest@quora.com>,"Thu, 11 Jul 2024 16:52:03 +0000","Top stories for Drivetv

-----

Question: I failed in life. I used to be a topper but left with nothing. I ruined my life, I am 19 now. I have no hope in life and waiting for the end. Can you moti...",Safe Email (Ham),2025-09-28T16:46:34.718009
299,Mastering the art of Microsoft Copilot prompts,"""Microsoft Copilot"" <Copilot@engage.microsoft.com>","Thu, 11 Jul 2024 09:51:51 -0700","
<!DOCTYPE HTML>
<html xmlns=""http://www.w3.org/1999/xhtml"" xmlns:o=""urn:schemas-microsoft-com:office:office"" xmlns:v=""urn:schemas-microsoft-com:vml"" dir=""ltr"" lang=""en-us"">
    <head>

    <!--[...",Phishing Detected! Intent: Scam Offer,2025-09-28T16:46:35.369296
300,Rate 'FAVOURITE AUTO ACCESSORIES OL...' based on your experience,=?UTF-8?B?RmxpcGthcnQ=?= <info@ncb.flipkart.com>,"Fri, 12 Jul 2024 14:50:54 +0530","

  
   
   
   
   
   
   
  
 
   
   
   
   
   
     
      
       
       
       
       
       
         
          
          
           
           
         ...",Phishing Detected! Intent: Scam Offer,2025-09-28T16:46:35.868234
302,Microsoft account security info was added,"Microsoft account team
	<account-security-noreply@accountprotection.microsoft.com>","Fri, 12 Jul 2024 21:57:30 -0700","The following security info was recently added to the Microsoft account dr**3@gmail.com:

rdjgodwin04@gmail.com

If this was you, then you can safely ignore this email.

If this wasn't you, a ma...",Phishing Detected! Intent: Malware Delivery,2025-09-28T16:46:36.341928
303,Jiraiya told Naruto that Rasengan is the second hardest jutsu to learn. What is the f...?,Quora Digest <english-personalized-digest@quora.com>,"Sat, 13 Jul 2024 11:18:43 +0000","Top stories for Drivetv

-----

Question: Jiraiya told Naruto that Rasengan is the second hardest jutsu to learn. What is the first?


Answer from Entropy


Jiraiya actually told it was an A...",Safe Email (Ham),2025-09-28T16:46:36.853878
304,Does Hanuman Chalisa do miracles? Has anyone witnessed a miracle?,Quora Digest <english-personalized-digest@quora.com>,"Mon, 15 Jul 2024 08:21:53 +0000","Top stories for Drivetv

-----

Question: Does Hanuman Chalisa do miracles? Has anyone witnessed a miracle?


Answer from Uma Prabhakar


Yes it does miracles.

I was going through a worst...",Safe Email (Ham),2025-09-28T16:46:37.391939
305, We've GOAT the Dates!,=?UTF-8?B?RmxpcGthcnQ=?= <no-reply@ncb.flipkart.com>,"Tue, 16 Jul 2024 07:21:48 +0530","

  
   
   
   
   
   
   
  
 
   
   
   
   
   
     
      
       
       
       
       
       
         
          
          
           
           
         ...",Phishing Detected! Intent: Scam Offer,2025-09-28T16:46:37.931882
306,"Shoot 🎈🎈🎈 & Win Surprises!
",=?UTF-8?B?RmxpcGthcnQ=?= <no-reply@ncp.flipkart.com>,"Wed, 17 Jul 2024 07:37:58 +0530","

  
   
   
   
   
   
   
  
 
   
   
   
   
   
     
      
       
       
       
       
       
         
          
          
           
           
         ...",Phishing Detected! Intent: Scam Offer,2025-09-28T16:46:38.384660
307,Which anime is known for its hard-hitting message?,Quora Digest <english-personalized-digest@quora.com>,"Wed, 17 Jul 2024 07:54:17 +0000","Top stories for Drivetv

-----

Question: Which anime is known for its hard-hitting message?


Answer from Rahul Manoj


I saw many of the answers here but for me, only one anime comes to mi...",Safe Email (Ham),2025-09-28T16:46:38.827305
308, Spotted: 🐐 Doing Deliveries! ,=?UTF-8?B?RmxpcGthcnQ=?= <no-reply@ncp.flipkart.com>,"Thu, 18 Jul 2024 07:32:55 +0530","

  
   
   
   
   
   
   
  
 
   
   
   
   
   
     
      
       
       
       
       
       
         
          
          
           
           
         ...",Phishing Detected! Intent: Scam Offer,2025-09-28T16:46:39.341948
309,Is a PhD worth doing if you're not brilliant?,Quora Digest <english-personalized-digest@quora.com>,"Thu, 18 Jul 2024 16:50:46 +0000","Top stories for Drivetv

-----

Question: Is a PhD worth doing if you're not brilliant?


Answer from James A. McGaughan, PhD


My opinion only…a PhD will cost you tons of money and cause gr...",Safe Email (Ham),2025-09-28T16:46:39.826886
310,Bleat ❎ Cheat ✅ Like the G.O.A.T 🐐,=?UTF-8?B?RmxpcGthcnQ=?= <no-reply@ncp.flipkart.com>,"Fri, 19 Jul 2024 14:32:09 +0530","

  
   
   
   
   
   
   
  
 
   
   
   
   
   
     
      
       
       
       
       
       
         
          
          
           
           
         ...",Safe Email (Ham),2025-09-28T16:46:40.281786
311,The G.O.A.T is Causing Traffic 🐐🚦,=?UTF-8?B?RmxpcGthcnQ=?= <no-reply@ncb.flipkart.com>,"Sat, 20 Jul 2024 09:28:23 +0530","

  
   
   
   
   
   
   
  
 
   
   
   
   
   
     
      
       
       
       
       
       
         
          
          
           
           
         ...",Phishing Detected! Intent: Scam Offer,2025-09-28T16:46:40.750222
312,What is wrong with the Indian education system?,Quora Digest <english-personalized-digest@quora.com>,"Sat, 20 Jul 2024 11:24:27 +0000","Top stories for Drivetv

-----

Question: What is wrong with the Indian education system?


Answer from Mohd Aamer Khan


My sister (10 years old) came home today from school happily and exc...",Safe Email (Ham),2025-09-28T16:46:41.205089
313,"We'd hate to see you miss this..🫣
",=?UTF-8?B?RmxpcGthcnQ=?= <no-reply@ncp.flipkart.com>,"Sun, 21 Jul 2024 07:39:29 +0530","

  
   
   
   
   
   
   
  
 
   
   
   
   
   
     
      
       
       
       
       
       
         
          
          
           
           
         ...",Phishing Detected! Intent: Scam Offer,2025-09-28T16:46:41.710357
314,🔑 Verify your email address,=?iso-8859-1?q?My=A0Kaspersky?= <noreply@mail.my.kaspersky.com>,"Sun, 21 Jul 2024 11:18:07 +0300","A My Kaspersky account makes security a lot easier.

Please verify your email

Verify email (https://dc1.my.kaspersky.com/?activate=dZVuD.ymeKKYFEO2fkMq6dGIwckepmqhWIBnVsJOgMcGdsaSjjLmNiCN9v_pdxZ9rSsi...",Phishing Detected! Intent: Malware Delivery,2025-09-28T16:46:42.432512
315,"Invitation: Aasan for Happiness 🧘🏼‍♀️
",=?UTF-8?B?RmxpcGthcnQ=?= <no-reply@ncp.flipkart.com>,"Mon, 22 Jul 2024 07:42:24 +0530","

  
   
   
   
   
   
   
  
 
   
   
   
   
   
     
      
       
       
       
       
       
         
          
          
           
           
         ...",Phishing Detected! Intent: Scam Offer,2025-09-28T16:46:42.911742
316,Welcome to register for the LootBar.gg platform!,"""Lootbar.gg"" <noreply@edm.lootbar.gg>","Tue, 23 Jul 2024 17:38:21 +0000","<!DOCTYPE html PUBLIC ""-//W3C//DTD XHTML 1.0 Transitional//EN"" ""http://www.w3.org/TR/xhtml1/DTD/xhtml1-transitional.dtd"">
<html xmlns=""http://www.w3.org/1999/xhtml"">

  <head>
    <meta http-equiv...",Phishing Detected! Intent: Scam Offer,2025-09-28T16:46:43.441705
317,"See, hundred percent you'll not get..
",=?UTF-8?B?RmxpcGthcnQ=?= <no-reply@ncp.flipkart.com>,"Wed, 24 Jul 2024 12:10:22 +0530","

  
   
   
   
   
   
   
  
 
   
   
   
   
   
     
      
       
       
       
       
       
         
          
          
           
           
         ...",Phishing Detected! Intent: Scam Offer,2025-09-28T16:46:43.953926
318,"What is your ""anime was a mistake"" show?",Quora Digest <english-personalized-digest@quora.com>,"Wed, 24 Jul 2024 07:56:26 +0000","Top stories for Drivetv

-----

Question: What is your ""anime was a mistake"" show?


Answer from Dan Newrick


There are a lot of em and for a lot of reasons…. But I have luckily dodged a lo...",Phishing Detected! Intent: Financial Fraud,2025-09-28T16:46:44.431858
319,LootBar.gg - 7% OFF Coupon for you,"""Lootbar.gg"" <noreply@edm.lootbar.gg>","Wed, 24 Jul 2024 17:40:21 +0000","<!DOCTYPE html PUBLIC ""-//W3C//DTD XHTML 1.0 Transitional//EN"" ""http://www.w3.org/TR/xhtml1/DTD/xhtml1-transitional.dtd"">
<html xmlns=""http://www.w3.org/1999/xhtml"">

  <head>
    <meta http-equiv...",Phishing Detected! Intent: Scam Offer,2025-09-28T16:46:44.941883
320,▶️ Voice Message from G.O.A.T,=?UTF-8?B?RmxpcGthcnQ=?= <no-reply@ncp.flipkart.com>,"Thu, 25 Jul 2024 18:28:26 +0530","

  
   
   
   
   
   
   
  
 
   
   
   
   
   
     
      
       
       
       
       
       
         
          
          
           
           
         ...",Phishing Detected! Intent: Scam Offer,2025-09-28T16:46:45.382991
321,"📸 Picture the Possibilities: Unleash Your Creativity with these...
",=?UTF-8?B?RmxpcGthcnQ=?= <no-reply@ncb.flipkart.com>,"Fri, 26 Jul 2024 11:14:23 +0530","

  
   
   
   
   
   
   
  
 
   
   
   
   
   
     
      
       
       
       
       
       
         
          
          
           
           
         ...",Phishing Detected! Intent: Scam Offer,2025-09-28T16:46:45.964842
322,"We'd hate to see you miss this..🫣
",=?UTF-8?B?RmxpcGthcnQ=?= <no-reply@ncb.flipkart.com>,"Sat, 27 Jul 2024 10:00:00 +0530","

  
   
   
   
   
   
   
  
 
   
   
   
   
   
     
      
       
       
       
       
       
         
          
          
           
           
         ...",Phishing Detected! Intent: Scam Offer,2025-09-28T16:46:46.494420
323,"Luck is on your side today!
",=?UTF-8?B?RmxpcGthcnQ=?= <no-reply@ncb.flipkart.com>,"Sun, 28 Jul 2024 09:31:38 +0530","

  
   
   
   
   
   
   
  
 
   
   
   
   
   
     
      
       
       
       
       
       
         
          
          
           
           
         ...",Phishing Detected! Intent: Scam Offer,2025-09-28T16:46:47.131938
324,Do 10th class marks matter for life?,Quora Digest <english-personalized-digest@quora.com>,"Sun, 28 Jul 2024 16:51:32 +0000","Top stories for Drivetv

-----

Question: Do 10th class marks matter for life?


Answer from Muskan Bhatnagar


I completed class 10 in 2016. I got 10 cgpa in class 10 that means around 95%....",Safe Email (Ham),2025-09-28T16:46:47.587450
325,"Payment is Pending...
",=?UTF-8?B?RmxpcGthcnQ=?= <no-reply@ncp.flipkart.com>,"Mon, 29 Jul 2024 11:59:47 +0530","

  
   
   
   
   
   
   
  
 
   
   
   
   
   
     
      
       
       
       
       
       
         
          
          
           
           
         ...",Phishing Detected! Intent: Scam Offer,2025-09-28T16:46:48.124133
326,"Even after CFA Level 2, I am not able to find a job, what to do?",Quora Digest <english-personalized-digest@quora.com>,"Wed, 31 Jul 2024 07:53:00 +0000","Top stories for Drivetv

-----

Question: Even after CFA Level 2, I am not able to find a job, what to do?


Answer from Himanshu Thukral


Hi,

I am a CFA level 2 student and also simulta...",Safe Email (Ham),2025-09-28T16:46:48.605154
327,📎 Attached: Your TDS Report,=?UTF-8?B?RmxpcGthcnQ=?= <no-reply@ncb.flipkart.com>,"Wed, 31 Jul 2024 18:42:22 +0530","

  
   
   
   
   
   
   
  
 
   
   
   
   
   
     
      
       
       
       
       
       
         
          
          
           
           
         ...",Safe Email (Ham),2025-09-28T16:46:49.136254
328,"Your Opponent Player is Ready 👍
",=?UTF-8?B?RmxpcGthcnQ=?= <no-reply@ncp.flipkart.com>,"Thu, 01 Aug 2024 11:30:38 +0530","

  
   
   
   
   
   
   
  
 
   
   
   
   
   
     
      
       
       
       
       
       
         
          
          
           
           
         ...",Phishing Detected! Intent: Scam Offer,2025-09-28T16:46:49.577481
329,New Options to Manage Personalization on Google Play,Google Play <googleplay-noreply@google.com>,"Thu, 01 Aug 2024 11:24:29 -0700","Hello drivetv,

In the coming weeks, Google Play will launch new personalization options  
that give you more seamless control of your personalization preferences and  
allow you to better manage ...",Phishing Detected! Intent: Scam Offer,2025-09-28T16:46:50.087064
330,"Why do many foreigners leave Japan after 5-6 years? If it is such good a country, why...?",Quora Digest <english-personalized-digest@quora.com>,"Fri, 02 Aug 2024 07:52:32 +0000","Top stories for Drivetv

-----

Question: Why do many foreigners leave Japan after 5-6 years? If it is such good a country, why don't people stay?


Answer from Minnie Carter


I spent five ...",Safe Email (Ham),2025-09-28T16:46:50.597471
331,Weekend's To-Do List 📜,=?UTF-8?B?RmxpcGthcnQ=?= <no-reply@ncp.flipkart.com>,"Sat, 03 Aug 2024 13:01:47 +0530","

  
   
   
   
   
   
   
  
 
   
   
   
   
   
     
      
       
       
       
       
       
         
          
          
           
           
         ...",Safe Email (Ham),2025-09-28T16:46:51.058055
332,"See, hundred percent you'll not get..
",=?UTF-8?B?RmxpcGthcnQ=?= <no-reply@ncp.flipkart.com>,"Sun, 04 Aug 2024 08:19:23 +0530","

  
   
   
   
   
   
   
  
 
   
   
   
   
   
     
      
       
       
       
       
       
         
          
          
           
           
         ...",Phishing Detected! Intent: Scam Offer,2025-09-28T16:46:51.485252
333,How much did you score in 12th board's?,Quora Digest <english-personalized-digest@quora.com>,"Sun, 04 Aug 2024 16:47:05 +0000","Top stories for Drivetv

-----

Question: How much did you score in 12th board's?


Answer from Prerna Chauhan


Chem: 98,

phy: 95,

Maths: 79 (practice kam thi)

Cs: 91

English: 7...",Safe Email (Ham),2025-09-28T16:46:51.907377
334,"🐘 We've got something REALLY big in store...
",=?UTF-8?B?RmxpcGthcnQ=?= <no-reply@ncb.flipkart.com>,"Mon, 05 Aug 2024 13:26:22 +0530","

  
   
   
   
   
   
   
  
 
   
   
   
   
   
     
      
       
       
       
       
       
         
          
          
           
           
         ...",Phishing Detected! Intent: Scam Offer,2025-09-28T16:46:52.376409
335,"The last slice of Pizza.
",=?UTF-8?B?RmxpcGthcnQ=?= <no-reply@ncp.flipkart.com>,"Tue, 06 Aug 2024 14:22:40 +0530","

  
   
   
   
   
   
   
  
 
   
   
   
   
   
     
      
       
       
       
       
       
         
          
          
           
           
         ...",Phishing Detected! Intent: Scam Offer,2025-09-28T16:46:52.837567
336,Important Notice - Genshin Impact 4.8 Update: Emilie & Yelan Await Your Acquisition,LootBar.gg <genshinservice@edm.lootbar.gg>,"Tue, 06 Aug 2024 12:03:25 +0000","[logo]
Dear Traveler U1070713486:

The breeze brings fragrant smell of perfume, The 2nd-half banner of ""Genshin Impact"" V4.8 is now updated!

This update brings two limited five-star-characters:...",Phishing Detected! Intent: Scam Offer,2025-09-28T16:46:53.336397
337,Freedom is Knocking ✊🏻,=?UTF-8?B?RmxpcGthcnQ=?= <no-reply@ncb.flipkart.com>,"Wed, 07 Aug 2024 07:43:19 +0530","

  
   
   
   
   
   
   
  
 
   
   
   
   
   
     
      
       
       
       
       
       
         
          
          
           
           
         ...",Phishing Detected! Intent: Scam Offer,2025-09-28T16:46:53.892171
338,My son failed in CBSE 12th board while my daughter has secured 96% marks. What should...?,Quora Digest <english-personalized-digest@quora.com>,"Wed, 07 Aug 2024 07:49:39 +0000","Top stories for Drivetv

-----

Question: My son failed in CBSE 12th board while my daughter has secured 96% marks. What should I do in this situation?


Answer from SNK Sharma


Introspect ...",Phishing Detected! Intent: Financial Fraud,2025-09-28T16:46:54.393210
339,"Your A/C is Credited by XXXXXX
",=?UTF-8?B?RmxpcGthcnQ=?= <no-reply@ncb.flipkart.com>,"Thu, 08 Aug 2024 14:32:52 +0530","

  
   
   
   
   
   
   
  
 
   
   
   
   
   
     
      
       
       
       
       
       
         
          
          
           
           
         ...",Phishing Detected! Intent: Scam Offer,2025-09-28T16:46:54.934620
340,What's the salary of Narendra Modi?,Quora Digest <english-personalized-digest@quora.com>,"Fri, 09 Aug 2024 06:23:30 +0000","Top stories for Drivetv

-----

Question: What's the salary of Narendra Modi?


Answer from Aman Goyal


Income Details:

1. Basic Salary: Rs. 1,80,000/-
2. Dearness Allowance (DA): Rs. 2...",Safe Email (Ham),2025-09-28T16:46:55.523736
341,HackerRank - Signup for Summer-CodeBlitz:Week-8,HackerRank Team <hackers@hackerrankmail.com>,"Fri, 09 Aug 2024 07:14:39 +0000","    HackerRank - Signup for Summer-CodeBlitz:Week-8   

|  

|  

|  
  ![HackerRank Logo](http://email.postmaster.hackerrankmail.com/c/eJxM0cFyqjocgPGnwV2dPwkEWbBoK8E6hQqGiGw6kERBEvAixbk8_Zluz...",Safe Email (Ham),2025-09-28T16:46:56.007726
342,"We'd *hate* to see you miss this..🫣
",=?UTF-8?B?RmxpcGthcnQ=?= <no-reply@ncp.flipkart.com>,"Fri, 09 Aug 2024 18:15:24 +0530","

  
   
   
   
   
   
   
  
 
   
   
   
   
   
     
      
       
       
       
       
       
         
          
          
           
           
         ...",Phishing Detected! Intent: Scam Offer,2025-09-28T16:46:56.557579
343,"Luck is on your side today!
",=?UTF-8?B?RmxpcGthcnQ=?= <no-reply@ncp.flipkart.com>,"Sat, 10 Aug 2024 07:40:21 +0530","

  
   
   
   
   
   
   
  
 
   
   
   
   
   
     
      
       
       
       
       
       
         
          
          
           
           
         ...",Phishing Detected! Intent: Scam Offer,2025-09-28T16:46:57.016455
344,Decode: 🎁 opens and you go 😳,=?UTF-8?B?RmxpcGthcnQ=?= <no-reply@ncp.flipkart.com>,"Sun, 11 Aug 2024 09:15:19 +0530","

  
   
   
   
   
   
   
  
 
   
   
   
   
   
     
      
       
       
       
       
       
         
          
          
           
           
         ...",Phishing Detected! Intent: Scam Offer,2025-09-28T16:46:57.470946
345,Why is Kurama the only tailed beast that grants its jinchuriki a chakra mode (for exa...?,Quora Digest <english-personalized-digest@quora.com>,"Sun, 11 Aug 2024 16:53:10 +0000","Top stories for Drivetv

-----

Question: Why is Kurama the only tailed beast that grants its jinchuriki a chakra mode (for example, why isn't there an 8 tails chakra mode)?


Answer from Codey...",Safe Email (Ham),2025-09-28T16:46:57.913699
346,"🎬 (1) Free Ticket for You
",=?UTF-8?B?RmxpcGthcnQ=?= <no-reply@ncp.flipkart.com>,"Mon, 12 Aug 2024 07:41:23 +0530","

  
   
   
   
   
   
   
  
 
   
   
   
   
   
     
      
       
       
       
       
       
         
          
          
           
           
         ...",Safe Email (Ham),2025-09-28T16:46:58.453558
347,"3 Words to Reveal Future! 🔮
",=?UTF-8?B?RmxpcGthcnQ=?= <no-reply@ncb.flipkart.com>,"Tue, 13 Aug 2024 07:35:25 +0530","

  
   
   
   
   
   
   
  
 
   
   
   
   
   
     
      
       
       
       
       
       
         
          
          
           
           
         ...",Phishing Detected! Intent: Scam Offer,2025-09-28T16:46:58.917391
348,"Streaming Now! Latest Blockbuster 🎬
",=?UTF-8?B?RmxpcGthcnQ=?= <no-reply@ncb.flipkart.com>,"Wed, 14 Aug 2024 10:11:22 +0530","

  
   
   
   
   
   
   
  
 
   
   
   
   
   
     
      
       
       
       
       
       
         
          
          
           
           
         ...",Phishing Detected! Intent: Scam Offer,2025-09-28T16:46:59.474691
349,"What is your ""anime was a mistake"" show?",Quora Digest <english-personalized-digest@quora.com>,"Wed, 14 Aug 2024 06:18:22 +0000","Top stories for Drivetv

-----

Question: What is your ""anime was a mistake"" show?


Answer from .just.a.silly.fangirl.


Oh my. Just happened to me last night, but… Re:Zero. I am thoroughly...",Safe Email (Ham),2025-09-28T16:46:59.987478
350,"New reply to a comment on ""#AMARAN Making In Action |Ulaganayagan
 #KamalHaasan |#Sivakarthikeyan |Rajkumar|GVPrakash|Mahendran""",YouTube <noreply@youtube.com>,"Wed, 14 Aug 2024 04:20:38 -0700","New reply to a comment on ""#AMARAN Making In Action |Ulaganayagan  
#KamalHaasan |#Sivakarthikeyan |Rajkumar|GVPrakash|Mahendran""
@pramothcreation replied to dilip gautham's comment
Reply: Sari lik...",Phishing Detected! Intent: Scam Offer,2025-09-28T16:47:00.553535
351,"New reply to a comment on ""#AMARAN Making In Action |Ulaganayagan
 #KamalHaasan |#Sivakarthikeyan |Rajkumar|GVPrakash|Mahendran""",YouTube <noreply@youtube.com>,"Wed, 14 Aug 2024 04:50:31 -0700","New reply to a comment on ""#AMARAN Making In Action |Ulaganayagan  
#KamalHaasan |#Sivakarthikeyan |Rajkumar|GVPrakash|Mahendran""
@maasanaeshwar1215 replied to dilip gautham's comment
Reply: Picha ...",Phishing Detected! Intent: Scam Offer,2025-09-28T16:47:01.050771
352,"New reply to a comment on ""#AMARAN Making In Action |Ulaganayagan
 #KamalHaasan |#Sivakarthikeyan |Rajkumar|GVPrakash|Mahendran""",YouTube <noreply@youtube.com>,"Wed, 14 Aug 2024 04:59:40 -0700","New reply to a comment on ""#AMARAN Making In Action |Ulaganayagan  
#KamalHaasan |#Sivakarthikeyan |Rajkumar|GVPrakash|Mahendran""
@user-yb8rv9tp1w replied to dilip gautham's comment
Reply: Like onl...",Phishing Detected! Intent: Scam Offer,2025-09-28T16:47:01.647140
353,"New reply to a comment on ""பிரபல Youtubers கைது 😲 - Broadcast Bill | Govt Vs Youtubers 🥊""",YouTube <noreply@youtube.com>,"Wed, 14 Aug 2024 05:55:23 -0700","New reply to a comment on ""பிரபல Youtubers கைது 😲 - Broadcast Bill | Govt  
Vs Youtubers 🥊""
@d1area3985 replied to drivetv movie's comment
Reply: Gaming content
Video: https://www.youtube.com/watc...",Phishing Detected! Intent: Scam Offer,2025-09-28T16:47:02.077179
354,"New reply to a comment on ""பிரபல Youtubers கைது 😲 - Broadcast Bill | Govt Vs Youtubers 🥊""",YouTube <noreply@youtube.com>,"Wed, 14 Aug 2024 15:13:44 -0700","New reply to a comment on ""பிரபல Youtubers கைது 😲 - Broadcast Bill | Govt  
Vs Youtubers 🥊""
@karthiiraja17 replied to drivetv movie's comment
Reply: ipo evanae oru corporate/ political kai Koli a a...",Phishing Detected! Intent: Scam Offer,2025-09-28T16:47:02.547051
355,Save-Asaana? What's That? 🧘🏻‍♀️,=?UTF-8?B?RmxpcGthcnQ=?= <no-reply@ncp.flipkart.com>,"Thu, 15 Aug 2024 07:31:29 +0530","

  
   
   
   
   
   
   
  
 
   
   
   
   
   
     
      
       
       
       
       
       
         
          
          
           
           
         ...",Phishing Detected! Intent: Scam Offer,2025-09-28T16:47:03.028520
356,"Look Upppp 👆No, Higher!
",=?UTF-8?B?RmxpcGthcnQ=?= <no-reply@ncb.flipkart.com>,"Fri, 16 Aug 2024 09:32:48 +0530","

  
   
   
   
   
   
   
  
 
   
   
   
   
   
     
      
       
       
       
       
       
         
          
          
           
           
         ...",Phishing Detected! Intent: Scam Offer,2025-09-28T16:47:03.477635
357,"In Naruto, why is the Chidori considered a weaker jutsu than the Rasengan?",Quora Digest <english-personalized-digest@quora.com>,"Fri, 16 Aug 2024 07:30:31 +0000","Top stories for Drivetv

-----

Question: In Naruto, why is the Chidori considered a weaker jutsu than the Rasengan?


Answer from Trevon Meliodas


That's what makes the rasengan more power...",Safe Email (Ham),2025-09-28T16:47:03.957163
358,Warning: Crazy ____ Inside!,=?UTF-8?B?RmxpcGthcnQ=?= <no-reply@ncb.flipkart.com>,"Sat, 17 Aug 2024 09:33:12 +0530","

  
   
   
   
   
   
   
  
 
   
   
   
   
   
     
      
       
       
       
       
       
         
          
          
           
           
         ...",Phishing Detected! Intent: Scam Offer,2025-09-28T16:47:04.443411
359,POV : Adulting is hard..🙄,=?UTF-8?B?RmxpcGthcnQ=?= <no-reply@ncp.flipkart.com>,"Sun, 18 Aug 2024 08:32:40 +0530","

  
   
   
   
   
   
   
  
 
   
   
   
   
   
     
      
       
       
       
       
       
         
          
          
           
           
         ...",Phishing Detected! Intent: Scam Offer,2025-09-28T16:47:04.938993
360,"New reply to a comment on ""GO-SU @Parithabangal SCAM? - Explained by
 Gosu - Delivering Editing PC""",YouTube <noreply@youtube.com>,"Sun, 18 Aug 2024 00:09:43 -0700","New reply to a comment on ""GO-SU @Parithabangal SCAM? - Explained by Gosu -  
Delivering Editing PC""
@Harrison894 replied to drivetv movie's comment
Reply: Bro a2d kaasu pakka arambichitan😂😂
Inime...",Phishing Detected! Intent: Scam Offer,2025-09-28T16:47:05.477782
361,"New reply to a comment on ""GO-SU @Parithabangal SCAM? - Explained by
 Gosu - Delivering Editing PC""",YouTube <noreply@youtube.com>,"Sun, 18 Aug 2024 00:17:57 -0700","New reply to a comment on ""GO-SU @Parithabangal SCAM? - Explained by Gosu -  
Delivering Editing PC""
@fireflames2021 replied to drivetv movie's comment
Reply: No use bro. Seeing the downfall of so ...",Phishing Detected! Intent: Scam Offer,2025-09-28T16:47:06.127262
362,"New reply to a comment on ""GO-SU @Parithabangal SCAM? - Explained by
 Gosu - Delivering Editing PC""",YouTube <noreply@youtube.com>,"Sun, 18 Aug 2024 01:19:10 -0700","New reply to a comment on ""GO-SU @Parithabangal SCAM? - Explained by Gosu -  
Delivering Editing PC""
@Ohyeah-z6p replied to drivetv movie's comment
Reply: Sindhiga 9 கன்னிஸ் கதறுங்கடா செருப்படி கண்...",Phishing Detected! Intent: Scam Offer,2025-09-28T16:47:06.608744
363,What is 35 + 8 x 20 ÷ 4 - 25 =?,Quora Digest <english-personalized-digest@quora.com>,"Sun, 18 Aug 2024 16:59:29 +0000","Top stories for Drivetv

-----

Question: What is 35 + 8 x 20 ÷ 4 - 25 =?


Answer from Richard Roberts


Use the BODMAS convention for order of operations

Brackets, other, Division, mult...",Safe Email (Ham),2025-09-28T16:47:07.089154
364,Updates to our terms of use,Microsoft <msa@communication.microsoft.com>,"Sun, 18 Aug 2024 19:28:48 -0700","*Your Services Agreement made clearer*

Hello,
You’re receiving this email because we are updating the Microsoft Services Agreement, which applies to one or more Microsoft products or services you ...",Phishing Detected! Intent: Scam Offer,2025-09-28T16:47:07.560783
365,🕓 Can you please tell what time is it?,=?UTF-8?B?RmxpcGthcnQ=?= <no-reply@ncb.flipkart.com>,"Mon, 19 Aug 2024 08:10:11 +0530","

  
   
   
   
   
   
   
  
 
   
   
   
   
   
     
      
       
       
       
       
       
         
          
          
           
           
         ...",Phishing Detected! Intent: Scam Offer,2025-09-28T16:47:08.047222
366,Signal Green 🚦,=?UTF-8?B?RmxpcGthcnQ=?= <no-reply@ncp.flipkart.com>,"Tue, 20 Aug 2024 07:35:45 +0530","

  
   
   
   
   
   
   
  
 
   
   
   
   
   
     
      
       
       
       
       
       
         
          
          
           
           
         ...",Safe Email (Ham),2025-09-28T16:47:08.528459
367,Luck is on your side today!,=?UTF-8?B?RmxpcGthcnQ=?= <no-reply@ncp.flipkart.com>,"Wed, 21 Aug 2024 07:55:18 +0530","

  
   
   
   
   
   
   
  
 
   
   
   
   
   
     
      
       
       
       
       
       
         
          
          
           
           
         ...",Phishing Detected! Intent: Scam Offer,2025-09-28T16:47:08.994771
368,Why do Krishna devotees suffer?,Quora Digest <english-personalized-digest@quora.com>,"Wed, 21 Aug 2024 06:24:02 +0000","Top stories for Drivetv

-----

Question: Why do Krishna devotees suffer?


Answer from Shree Keshava


When Yudhisthira was crowned as king of Hastinapur, than Lord Krishna said that he wou...",Safe Email (Ham),2025-09-28T16:47:09.467457
369,"Let's Play a Game! 🎮
",=?UTF-8?B?RmxpcGthcnQ=?= <no-reply@ncp.flipkart.com>,"Thu, 22 Aug 2024 07:36:09 +0530","

  
   
   
   
   
   
   
  
 
   
   
   
   
   
     
      
       
       
       
       
       
         
          
          
           
           
         ...",Phishing Detected! Intent: Scam Offer,2025-09-28T16:47:09.912358
370,"The last slice of Pizza...
",=?UTF-8?B?RmxpcGthcnQ=?= <no-reply@ncp.flipkart.com>,"Fri, 23 Aug 2024 09:17:29 +0530","

  
   
   
   
   
   
   
  
 
   
   
   
   
   
     
      
       
       
       
       
       
         
          
          
           
           
         ...",Phishing Detected! Intent: Scam Offer,2025-09-28T16:47:10.343568
371,"See, hundred percent you'll not get..
",=?UTF-8?B?RmxpcGthcnQ=?= <no-reply@ncp.flipkart.com>,"Sat, 24 Aug 2024 08:51:32 +0530","

  
   
   
   
   
   
   
  
 
   
   
   
   
   
     
      
       
       
       
       
       
         
          
          
           
           
         ...",Phishing Detected! Intent: Scam Offer,2025-09-28T16:47:10.870973
372,The ultimate AI study buddy,"""Microsoft Copilot"" <Copilot@engage.microsoft.com>","Fri, 23 Aug 2024 22:12:26 -0700","
<!DOCTYPE HTML>
<html xmlns=""http://www.w3.org/1999/xhtml"" xmlns:o=""urn:schemas-microsoft-com:office:office"" xmlns:v=""urn:schemas-microsoft-com:vml"" dir=""ltr"" lang=""en-in"">
    <head>

    <!--[...",Phishing Detected! Intent: Scam Offer,2025-09-28T16:47:11.410771
373,Can you tell me something about yourself?,Quora Digest <english-personalized-digest@quora.com>,"Sat, 24 Aug 2024 11:18:38 +0000","Top stories for Drivetv

-----

Question: Can you tell me something about yourself?


Answer from Kriti Singh


 * I am 20 years old girl.
 * I am an introvert ( but extrovert on social med...",Safe Email (Ham),2025-09-28T16:47:11.871414
374,"Life is a Box Full Of...?
",=?UTF-8?B?RmxpcGthcnQ=?= <no-reply@ncb.flipkart.com>,"Sun, 25 Aug 2024 08:04:56 +0530","

  
   
   
   
   
   
   
  
 
   
   
   
   
   
     
      
       
       
       
       
       
         
          
          
           
           
         ...",Phishing Detected! Intent: Scam Offer,2025-09-28T16:47:12.486509
375,Important Notice - Genshin Impact 5.0 Update: Mualani & Kazuha Are Waiting For You In Natlan To Adventure Together.,LootBar.gg <genshinservice@edm.lootbar.gg>,"Wed, 28 Aug 2024 02:00:43 +0000","[logo]
Dear Traveler :

A competition as fierce as a roaring inferno, and a clash as dazzling as a cascade of iridescent gems.

Genshin Impact version 5.0 “Summertide Scales and Tales” is now upd...",Safe Email (Ham),2025-09-28T16:47:13.127174
376,Can you share your final marksheet of the SSC CGL 2022?,Quora Digest <english-personalized-digest@quora.com>,"Wed, 28 Aug 2024 07:21:48 +0000","Top stories for Drivetv

-----

Question: Can you share your final marksheet of the SSC CGL 2022?


Answer from Sarthak Rathor


So finally ssc has released the marksheet of all the candidat...",Safe Email (Ham),2025-09-28T16:47:13.837175
377,"New reply to a comment on ""Facing my fear after 3 years
 #genshinimpact #genshin #arlecchino""",YouTube <noreply@youtube.com>,"Fri, 30 Aug 2024 03:41:56 -0700","New reply to a comment on ""Facing my fear after 3 years #genshinimpact  
#genshin #arlecchino""
@maylaw6662 replied to Itz_Alice's comment
Reply: Ikr my worst enemy now I even forget where it us so ...",Phishing Detected! Intent: Scam Offer,2025-09-28T16:47:14.489420
379,Discord password changed,Discord <noreply@discord.com>,"Fri, 30 Aug 2024 12:51:41 +0000 (UTC)"," What's up robin19990165,

We've channeled our psionic energy to change your Discord account password. Gonna go get a seltzer to calm down.

If this wasn't done by you, please immediately reset th...",Safe Email (Ham),2025-09-28T16:47:15.127297
381, Pre-order and play the Call of Duty®: Black Ops 6 Beta NOW! ,"""Call of Duty"" <callofduty@comms.activision.com>","Fri, 30 Aug 2024 17:41:08 +0000","







































































































































































































...",Safe Email (Ham),2025-09-28T16:47:15.748085
382,👋 Please confirm your email,"""=?utf-8?q?Pinterest?="" <confirm@account.pinterest.com>","Sat, 31 Aug 2024 08:55:49 +0000","





            Please take a second to make sure we&#39;ve got your email right. Didn&#39;t sign up for Pinterest?
            Let us know.
To view this content open the following URL in yo...",Safe Email (Ham),2025-09-28T16:47:16.278231
383,Order Confirmation: You bought something from Kitsune_art_gallery,"""Ko-fi.com"" <hello@ko-fi.com>","Sat, 31 Aug 2024 09:18:59 +0000 (UTC)","Ko-fi Order
 

( https://Ko-fi.com )

Your Ko-fi Shop Order Confirmation 🎉  **

 

 














Total

$ 0.00

Unlike most services, money is sent directly to the creato...",Phishing Detected! Intent: Scam Offer,2025-09-28T16:47:16.743502
384,Don't miss your rewards from Kitsune_art_gallery,Ko-fi@Ko-fi.com,"Sat, 31 Aug 2024 09:39:05 +0000 (UTC)","Ko-fi ( https://www.ko-fi.com?ref=email )

*Confirm your guest purchase*

You weren't logged in to Ko-fi when you purchased the following from Kitsune_art_gallery :<ul><li>(Free) 8K phone wallpape...",Phishing Detected! Intent: Scam Offer,2025-09-28T16:47:17.242485
385,"Krishna was born in 3228 BC. If He is God, then who created the universe, which has b...?",Quora Digest <english-personalized-digest@quora.com>,"Sat, 31 Aug 2024 11:28:42 +0000","Top stories for Drivetv

-----

Question: Krishna was born in 3228 BC. If He is God, then who created the universe, which has been created millions of years before Krishna?


Answer from Devala...",Safe Email (Ham),2025-09-28T16:47:17.729035
387,Inspired by Drivetvmovie,Pinterest <recommendations@discover.pinterest.com>,"Tue, 03 Sep 2024 12:16:49 +0000",To view this content open the following URL in your browser: https://www.pinterest.com/email/click/?user_id=MTExNTQxNTE3MDExODgxOTQ4Mw%3D%3D&od=dD1hZDUwNDlhZDA4MDA0ZDY4YmEzNDdjZGE4ZWZkZjY0MCZjPUhPTUVG...,Safe Email (Ham),2025-09-28T16:47:18.202937
388,Security alert,Google <no-reply@accounts.google.com>,"Tue, 03 Sep 2024 16:27:13 GMT","[image: Google]
A new sign-in on Windows


drivetvmovie123@gmail.com
We noticed a new sign-in to your Google Account on a Windows device. If
this was you, you don’t need to do anything. If not, ...",Phishing Detected! Intent: Malware Delivery,2025-09-28T16:47:18.688810
389,Please confirm your email,"""=?utf-8?q?Pinterest?="" <confirm@account.pinterest.com>","Wed, 04 Sep 2024 01:11:33 +0000","





            Please take a second to make sure we&#39;ve got your email right. Didn&#39;t sign up for Pinterest?
            Let us know.
To view this content open the following URL in yo...",Safe Email (Ham),2025-09-28T16:47:19.160569
390,Is ISKCON a scam?,Quora Digest <english-personalized-digest@quora.com>,"Wed, 04 Sep 2024 06:22:11 +0000","Top stories for Drivetv

-----

Question: Is ISKCON a scam?


Answer from Sahil Masroor


I am an Indian Muslim and during my college days. I regularly visited that place (we have Iskon Temp...",Safe Email (Ham),2025-09-28T16:47:19.597176
391,"Drivetvmovie, these ideas are so you",Pinterest <recommendations@discover.pinterest.com>,"Thu, 05 Sep 2024 12:16:43 +0000",To view this content open the following URL in your browser: https://www.pinterest.com/email/click/?user_id=MTExNTQxNTE3MDExODgxOTQ4Mw%3D%3D&od=dD02MGM1NzM1ZjBkODg0Zjc4Yjc4NTM0NzY0YTc2NWQwYiZjPUhPTUVG...,Safe Email (Ham),2025-09-28T16:47:20.022510
392,"New reply to a comment on ""F2P are, you guys satisfied with 67 Free...""",YouTube <noreply@youtube.com>,"Thu, 05 Sep 2024 10:07:43 -0700","New reply to a comment on ""F2P are, you guys satisfied with 67 Free...""
@adrisaha7528 replied to your reply on Alex's comment
Reply: @drivetvmovie5071 I wish you will get multiple at early pity and ...",Phishing Detected! Intent: Scam Offer,2025-09-28T16:47:20.464818
393, Play the Call of Duty®: Black Ops 6 Open Beta NOW!   ,"""Call of Duty"" <callofduty@comms.activision.com>","Fri, 06 Sep 2024 21:55:28 +0000","Unlock the Vault for even more content
‌ ‌ ‌ ‌ ‌ ‌ ‌ ‌ ‌ ‌ ‌ ‌ ‌ ‌ ‌ ‌ ‌ ‌ ‌ ‌ ‌ ‌ ‌ ‌ ‌ ‌ ‌ ‌ ‌ ‌ ‌ ‌ ‌ ‌ ‌ ‌ ‌ ‌ ‌ ‌ ‌ ‌ ‌ ‌ ‌ ‌ ‌ ‌
‌ ‌ ‌ ‌ ‌ ‌ ‌ ‌ ‌ ‌ ‌ ‌ ‌ ‌ ‌ ‌ ‌ ‌ ‌ ‌ ‌ ‌ ‌ ‌ ‌ ‌ ‌ ‌ ‌ ‌ ‌ ‌ ‌...",Safe Email (Ham),2025-09-28T16:47:20.928915
395,Inspired by Drivetvmovie,Pinterest <recommendations@discover.pinterest.com>,"Sun, 08 Sep 2024 02:16:42 +0000",To view this content open the following URL in your browser: https://www.pinterest.com/email/click/?user_id=MTExNTQxNTE3MDExODgxOTQ4Mw%3D%3D&od=dD1hZDE1ZThjYjBiNTc0NTViYmQ1YmVjMTc3Mjc2OGE4ZCZjPUhPTUVG...,Safe Email (Ham),2025-09-28T16:47:21.358855
397,"Drivetvmovie, these ideas are so you","""=?utf-8?q?Pinterest?="" <recommendations@explore.pinterest.com>","Wed, 11 Sep 2024 02:17:45 +0000",To view this content open the following URL in your browser: https://www.pinterest.com/email/click/?user_id=MTExNTQxNTE3MDExODgxOTQ4Mw%3D%3D&od=dD0wYjc4MGZiZDk2NjA0ZmU5YmVmZDQwNDNiYTdmNGZhYiZjPUhPTUVG...,Safe Email (Ham),2025-09-28T16:47:21.787237
398,"I wake up early at 4:00 AM to study, but I feel very sleepy. What should I do to stud...?",Quora Digest <english-personalized-digest@quora.com>,"Wed, 11 Sep 2024 06:20:29 +0000","Top stories for Drivetv

-----

Question: I wake up early at 4:00 AM to study, but I feel very sleepy. What should I do to study effectively in the morning?


Answer from Shivam Gupta


Haha...",Safe Email (Ham),2025-09-28T16:47:22.256462
399,Can a Ph.D. candidate be called a doctor after the submission of her dissertation?,Quora Digest <english-personalized-digest@quora.com>,"Sat, 14 Sep 2024 17:02:42 +0000","Top stories for Drivetv

-----

Question: Can a Ph.D. candidate be called a doctor after the submission of her dissertation?


Answer from Barry Rountree


Your advisor, committee, mom and s...",Safe Email (Ham),2025-09-28T16:47:22.708543
400,"Drivetvmovie, you have a good eye",Pinterest <recommendations@discover.pinterest.com>,"Wed, 18 Sep 2024 02:18:20 +0000",To view this content open the following URL in your browser: https://www.pinterest.com/email/click/?user_id=MTExNTQxNTE3MDExODgxOTQ4Mw%3D%3D&od=dD1kNDJiMzNmYTcxNjM0NzEwOTNhNjQzZjk3ZmU4ZjQwNyZjPUhPTUVG...,Safe Email (Ham),2025-09-28T16:47:23.172408
401,Jiraiya told Naruto that Rasengan is the second hardest jutsu to learn. What is the f...?,Quora Digest <english-personalized-digest@quora.com>,"Wed, 18 Sep 2024 07:11:53 +0000","Top stories for Drivetv

-----

Question: Jiraiya told Naruto that Rasengan is the second hardest jutsu to learn. What is the first?


Answer from Oblivion (Baethel Mors).


I think you’re m...",Safe Email (Ham),2025-09-28T16:47:23.683167
404,Free Big Billion Days Cash ‘Shagun ka Lifafa’,=?UTF-8?B?RmxpcGthcnQ=?= <no-reply@ncb.flipkart.com>,"Wed, 18 Sep 2024 23:16:13 +0530","

  
   
   
   
   
   
   
  
 
   
   
   
   
   
     
      
       
       
       
       
       
         
          
          
           
           
         ...",Phishing Detected! Intent: Scam Offer,2025-09-28T16:47:24.157509
405,🔑 Verify your email address,=?iso-8859-1?q?My=A0Kaspersky?= <noreply@mail.my.kaspersky.com>,"Thu, 19 Sep 2024 11:18:06 +0300","A My Kaspersky account makes security a lot easier.

Please verify your email

Verify email (https://dc1.my.kaspersky.com/?activate=3BuqaKGrUcEQ2YarYoreahnIDR2f.K.fX43EsUOkoVuShk0GSgTNq2RrfQ.h_8cdyE_v...",Phishing Detected! Intent: Malware Delivery,2025-09-28T16:47:24.777472
407,HoYoverse Account Tips,noreply@email.hoyoverse.com,"Fri, 20 Sep 2024 16:13:29 +0000","<meta http-equiv=""Content-Type"" content=""text/html; charset=utf-8"">
<title>HoYoverse Passport</title>
<style>
    .mess {
        width: 690px;
        overflow: hidden;
        padding: 30px;
...",Phishing Detected! Intent: Malware Delivery,2025-09-28T16:47:25.304975
408,"New reply to a comment on ""タミル語映画の鬼才が70年代のインド南部タミル地方を舞台に描く“森と巨象のウエスタン”『ジガルタンダ・ダブルX』予告編""",YouTube <noreply@youtube.com>,"Sat, 21 Sep 2024 09:39:51 -0700","New reply to a comment on ""タミル語映画の鬼才が70年代のインド南部タミル地方 
を舞台に描く“森と巨象のウエスタン”『ジガルタンダ・ダブルX』予告編""
@sudharsanaprasad9928 replied to salempasanga sp's comment
Reply: Same question, why?
Video: https://www.y...",Phishing Detected! Intent: Scam Offer,2025-09-28T16:47:25.813348
409,Inspired by Drivetvmovie,Pinterest <recommendations@discover.pinterest.com>,"Tue, 24 Sep 2024 02:46:05 +0000",To view this content open the following URL in your browser: https://www.pinterest.com/email/click/?user_id=MTExNTQxNTE3MDExODgxOTQ4Mw%3D%3D&od=dD00ZjJlYTQ2MjIyODY0ZmI5YWYzNTFjYTVlMTIzN2ZlNiZjPUhPTUVG...,Safe Email (Ham),2025-09-28T16:47:26.299134
410,"If I invest SIP 3000/month for 5 years and hold it for 20 years, what will be the exp...?",Quora Digest <english-personalized-digest@quora.com>,"Wed, 25 Sep 2024 06:15:14 +0000","Top stories for Drivetv

-----

Question: If I invest SIP 3000/month for 5 years and hold it for 20 years, what will be the expected return after 20 years?


Answer from Raja Raghu


SIP (Sy...",Safe Email (Ham),2025-09-28T16:47:26.767101
411,🔴 Genshin Impact just started a Premiere: Genshin Impact Version 5.1 Special Program #NewVersion #SpecialProgram #GenshinImpact,YouTube <noreply@youtube.com>,"Fri, 27 Sep 2024 05:01:11 -0700","🔴 Genshin Impact just started a Premiere: Genshin Impact Version 5.1  
Special Program #NewVersion #SpecialProgram #GenshinImpact
Genshin Impact is premiering Genshin Impact Version 5.1 Special Prog...",Phishing Detected! Intent: Scam Offer,2025-09-28T16:47:27.247227
412,Big Billion Days: Live Now 🎉🎉🎉,=?UTF-8?B?RmxpcGthcnQ=?= <no-reply@ncp.flipkart.com>,"Sat, 28 Sep 2024 10:44:31 +0530","

  
   
   
   
   
   
   
  
 
   
   
   
       
       
         
          
           
           
            
             
                  
             
         ...",Phishing Detected! Intent: Scam Offer,2025-09-28T16:47:27.728864
413,📌 Kong wants you to check out this idea!,"""=?utf-8?q?Kong_Tamilan_via_Pinterest?="" <activity@notifications.pinterest.com>","Sun, 29 Sep 2024 02:31:57 +0000","Pinterest


651 Brannan Street, San Francisco, CA, 94107

Help Center: https://www.pinterest.com/email/click/?user_id=MTExNTQxNTE3MDExODgxOTQ4Mw%3D%3D&od=dD00Njg2MjQ4YmJmYjI0NjM3OTEzZTY4YmE4YjA5O...",Safe Email (Ham),2025-09-28T16:47:28.147308
414,What are study hacks that A+ students use?,Quora Digest <english-personalized-digest@quora.com>,"Wed, 02 Oct 2024 06:15:16 +0000","Top stories for Drivetv

-----

Question: What are study hacks that A+ students use?


Answer from Lasya


I am a “B” student (average student) who turned into an ""A+"" student.

I used onl...",Safe Email (Ham),2025-09-28T16:47:28.572232
415,Don't forget to reply to Kong's message!,"""=?utf-8?q?Pinterest?="" <activity@notifications.pinterest.com>","Thu, 03 Oct 2024 01:05:56 +0000","Pinterest


651 Brannan Street, San Francisco, CA, 94107

Help Center: https://www.pinterest.com/email/click/?user_id=MTExNTQxNTE3MDExODgxOTQ4Mw%3D%3D&od=dD0wMzgzYjExNzQ1ODk0ZWY4OTZmNmNiMGE1Y2MyN...",Safe Email (Ham),2025-09-28T16:47:29.005190
416,"New reply to a comment on ""NEW UPDATE! MORE CONFIRMATION ON NATLAN
 CHARACTERS RELEASE ORDER | NO CAPITANO! - Genshin Impact""",YouTube <noreply@youtube.com>,"Thu, 03 Oct 2024 11:49:56 -0700","New reply to a comment on ""NEW UPDATE! MORE CONFIRMATION ON NATLAN  
CHARACTERS RELEASE ORDER | NO CAPITANO! - Genshin Impact""
@highsourjamapple9141 replied to Cookie00's comment
Reply: Fr, after I...",Phishing Detected! Intent: Scam Offer,2025-09-28T16:47:29.493159
418,"Drivetvmovie, this could be your vibe",Pinterest <recommendations@discover.pinterest.com>,"Wed, 09 Oct 2024 01:48:27 +0000",To view this content open the following URL in your browser: https://www.pinterest.com/email/click/?user_id=MTExNTQxNTE3MDExODgxOTQ4Mw%3D%3D&od=dD02ZTIzNzI4ZjA3YzE0ODEzODJjOGE5YWU4MjJlNDk0NyZjPUhPTUVG...,Safe Email (Ham),2025-09-28T16:47:29.937469
419,Can you tell me something about yourself?,Quora Digest <english-personalized-digest@quora.com>,"Wed, 09 Oct 2024 07:23:22 +0000","Top stories for Drivetv

-----

Question: Can you tell me something about yourself?


Answer from Swatii 🤍


I am Swati.

I am 16 yrs. old.

I am from Punjab.

I have completed 12th st...",Safe Email (Ham),2025-09-28T16:47:30.397181
420,"Rediscover Copilot: Smart answers, fast responses, and more personal results","""Microsoft Copilot"" <Copilot@engagement.microsoft.com>","Thu, 10 Oct 2024 02:14:05 -0700","
<!DOCTYPE HTML>
<html xmlns=""http://www.w3.org/1999/xhtml"" xmlns:o=""urn:schemas-microsoft-com:office:office"" xmlns:v=""urn:schemas-microsoft-com:vml"" dir=""ltr"" lang=""en-us"">
    <head>

    <!--[...",Phishing Detected! Intent: Scam Offer,2025-09-28T16:47:30.909744
421,Don't forget to reply to Kong's message!,"""=?utf-8?q?Pinterest?="" <activity@notifications.pinterest.com>","Fri, 11 Oct 2024 01:11:59 +0000","Pinterest


651 Brannan Street, San Francisco, CA, 94107

Help Center: https://www.pinterest.com/email/click/?user_id=MTExNTQxNTE3MDExODgxOTQ4Mw%3D%3D&od=dD05YmQwODM3NjA1NmI0YjNhOWFiY2M1MzlkMDc1N...",Safe Email (Ham),2025-09-28T16:47:31.361986
423,Inspired by Drivetvmovie,Pinterest <recommendations@discover.pinterest.com>,"Sat, 12 Oct 2024 02:49:47 +0000",To view this content open the following URL in your browser: https://www.pinterest.com/email/click/?user_id=MTExNTQxNTE3MDExODgxOTQ4Mw%3D%3D&od=dD04YzE2N2RhYWUwYTQ0YTc2OGViMzY4NzI5YzA4YWE0YyZjPUhPTUVG...,Safe Email (Ham),2025-09-28T16:47:31.837190
424,"Drivetvmovie, you have a good eye",Pinterest <recommendations@discover.pinterest.com>,"Sat, 12 Oct 2024 08:49:48 +0000",To view this content open the following URL in your browser: https://www.pinterest.com/email/click/?user_id=MTExNTQxNTE3MDExODgxOTQ4Mw%3D%3D&od=dD02OWUyYjk4NTFlMjg0ODEyYTlhY2I3YzFmNTBjMTBkOSZjPUhPTUVG...,Safe Email (Ham),2025-09-28T16:47:32.327362
425,Inspired by Drivetvmovie,Pinterest <recommendations@discover.pinterest.com>,"Sun, 13 Oct 2024 02:49:30 +0000",To view this content open the following URL in your browser: https://www.pinterest.com/email/click/?user_id=MTExNTQxNTE3MDExODgxOTQ4Mw%3D%3D&od=dD1lNjRjYzVjYTc2OGM0ODYwYjhhZGZjYzlkNDM3OTExNyZjPUhPTUVG...,Safe Email (Ham),2025-09-28T16:47:32.842816
426,"Drivetvmovie, these ideas are so you","""=?utf-8?q?Pinterest?="" <recommendations@explore.pinterest.com>","Sun, 13 Oct 2024 12:49:30 +0000",To view this content open the following URL in your browser: https://www.pinterest.com/email/click/?user_id=MTExNTQxNTE3MDExODgxOTQ4Mw%3D%3D&od=dD1kOGIxZWJlNzI4OGM0MjkyODM5YjkyMDhlZTU1ZTBhMyZjPUhPTUVG...,Safe Email (Ham),2025-09-28T16:47:33.311269
427,Inspired by Drivetvmovie,"""=?utf-8?q?Pinterest?="" <pinterest-recommendations@ideas.pinterest.com>","Mon, 14 Oct 2024 02:49:47 +0000",To view this content open the following URL in your browser: https://www.pinterest.com/email/click/?user_id=MTExNTQxNTE3MDExODgxOTQ4Mw%3D%3D&od=dD0wNWJjNzVlODFiNjE0MmQyODllYmU3NDE3YmI1NTE2ZSZjPUhPTUVG...,Safe Email (Ham),2025-09-28T16:47:33.773617
428,"Drivetvmovie, these ideas are so you",Pinterest <recommendations@discover.pinterest.com>,"Mon, 14 Oct 2024 12:49:49 +0000",To view this content open the following URL in your browser: https://www.pinterest.com/email/click/?user_id=MTExNTQxNTE3MDExODgxOTQ4Mw%3D%3D&od=dD02YTUzMTY4Mjk1ODA0NGJjOGZjNTg2NTU0YWFiODgyZSZjPUhPTUVG...,Safe Email (Ham),2025-09-28T16:47:34.287346
429,"Drivetvmovie, this could be your vibe",Pinterest <recommendations@discover.pinterest.com>,"Tue, 15 Oct 2024 02:49:51 +0000",To view this content open the following URL in your browser: https://www.pinterest.com/email/click/?user_id=MTExNTQxNTE3MDExODgxOTQ4Mw%3D%3D&od=dD1kN2UxYjRhZTZlYjA0NzNhYTRkYWJhNzg3NTA2NjEyNyZjPUhPTUVG...,Safe Email (Ham),2025-09-28T16:47:34.934066
431,"Drivetvmovie, you have a good eye",Pinterest <recommendations@discover.pinterest.com>,"Tue, 15 Oct 2024 12:50:03 +0000",To view this content open the following URL in your browser: https://www.pinterest.com/email/click/?user_id=MTExNTQxNTE3MDExODgxOTQ4Mw%3D%3D&od=dD1iYTkxMjM0ZGMzOTY0ODU3OGQwN2QzMDFkOWJkMmMxOCZjPUhPTUVG...,Safe Email (Ham),2025-09-28T16:47:35.397100
432,Experience Black Ops 6 on PC,"""Call of Duty"" <callofduty@comms.activision.com>","Tue, 15 Oct 2024 21:29:48 +0000","Discover PC benefits and pre-purchase now
‌ ‌ ‌ ‌ ‌ ‌ ‌ ‌ ‌ ‌ ‌ ‌ ‌ ‌ ‌ ‌ ‌ ‌ ‌ ‌ ‌ ‌ ‌ ‌ ‌ ‌ ‌ ‌ ‌ ‌ ‌ ‌ ‌ ‌ ‌ ‌ ‌ ‌ ‌ ‌ ‌ ‌ ‌ ‌ ‌ ‌ ‌ ‌
‌ ‌ ‌ ‌ ‌ ‌ ‌ ‌ ‌ ‌ ‌ ‌ ‌ ‌ ‌ ‌ ‌ ‌ ‌ ‌ ‌ ‌ ‌ ‌ ‌ ‌ ‌ ‌ ‌ ‌ ‌ ...",Safe Email (Ham),2025-09-28T16:47:35.887202
433,What were your CBSE 12th marks?,Quora Digest <english-personalized-digest@quora.com>,"Sat, 19 Oct 2024 02:25:43 +0000","Top stories for Drivetv

-----

Question: What were your CBSE 12th marks?


Answer from Kumar Badal


I laughed at my result.

I am not that studious and for boards i had only studied ncer...",Safe Email (Ham),2025-09-28T16:47:36.356727
434,Inspired by Drivetvmovie,"""=?utf-8?q?Pinterest?="" <recommendations@explore.pinterest.com>","Mon, 21 Oct 2024 02:50:54 +0000",To view this content open the following URL in your browser: https://www.pinterest.com/email/click/?user_id=MTExNTQxNTE3MDExODgxOTQ4Mw%3D%3D&od=dD0wNDI5ZjQwMmVhZTg0ZjU4YmRiNTQ1Yzc2ZGYxMjZmYiZjPUhPTUVG...,Safe Email (Ham),2025-09-28T16:47:36.857462
435,"If my fixed CTC is 9.5 LPA, then what will be my in-hand salary in 2023?",Quora Digest <english-personalized-digest@quora.com>,"Mon, 21 Oct 2024 13:51:21 +0000","Top stories for Drivetv

-----

Question: If my fixed CTC is 9.5 LPA, then what will be my in-hand salary in 2023?


Answer from Pavnesh Kumar Singh (Jack Martin)


1. Basic Salary: ₹37,500 ...",Safe Email (Ham),2025-09-28T16:47:37.358327
436,"More related to ""Where can I read Japanese light novels online?""",Quora <curiosity-noreply@quora.com>,"Tue, 22 Oct 2024 05:10:17 +0000","Stories from your activity

-----

Question: What are the best websites to read Japanese light novels for free?


Answer from LN Reader


I recommend novelupdates

you can read wide variet...",Safe Email (Ham),2025-09-28T16:47:37.817420
437,I want to leave India. Which country should I go to?,Quora Digest <english-personalized-digest@quora.com>,"Wed, 23 Oct 2024 05:52:15 +0000","Top stories for Drivetv

-----

Question: I want to leave India. Which country should I go to?


Answer from Ravikumar K.


Go to Pakistan. You will come back in a week running with frighten...",Safe Email (Ham),2025-09-28T16:47:38.317250
438,"Drivetvmovie, this could be your vibe",Pinterest <recommendations@discover.pinterest.com>,"Thu, 24 Oct 2024 02:51:18 +0000",To view this content open the following URL in your browser: https://www.pinterest.com/email/click/?user_id=MTExNTQxNTE3MDExODgxOTQ4Mw%3D%3D&od=dD1mMGRjNjAwZWNjNDE0YWNhYmRjYTJkYmE0MjY4MzJkYiZjPUhPTUVG...,Safe Email (Ham),2025-09-28T16:47:38.817232
439,I caught my 13 year old daughter using pads for her period without my permission. Wha...?,Quora Digest <english-personalized-digest@quora.com>,"Thu, 24 Oct 2024 06:00:23 +0000","Top stories for Drivetv

-----

Question: I caught my 13 year old daughter using pads for her period without my permission. What do I do now?


Answer from Keish Lee


When my daughter got h...",Safe Email (Ham),2025-09-28T16:47:39.297200
440,"Drivetvmovie, these ideas are so you",Pinterest <recommendations@discover.pinterest.com>,"Fri, 25 Oct 2024 02:51:20 +0000",To view this content open the following URL in your browser: https://www.pinterest.com/email/click/?user_id=MTExNTQxNTE3MDExODgxOTQ4Mw%3D%3D&od=dD01ZmRjNWVmYjI3NTY0N2YwOGVmNWZiY2NiOTM3ZjA4OSZjPUhPTUVG...,Safe Email (Ham),2025-09-28T16:47:39.723508
441,What's the salary of Narendra Modi?,Quora Digest <english-personalized-digest@quora.com>,"Fri, 25 Oct 2024 13:53:27 +0000","Top stories for Drivetv

-----

Question: What's the salary of Narendra Modi?


Answer from Kanthaswamy Balasubramaniam


PM Modis Salary is:

Basic Salary - Rs. 1,65,000/-

DA - Rs. 1,9...",Safe Email (Ham),2025-09-28T16:47:40.169046
442,Thanks for your report to YouTube,YouTube <no-reply@youtube.com>,"Sat, 26 Oct 2024 08:16:19 -0700","
Hello drivetv movie,

Thank you for your video <https://www.youtube.com/watch?v=Tu0klVG0OWo>  
report on October 26, 2024. We’ll take a careful look at this content.

WHAT HAPPENS NEXT

After...",Safe Email (Ham),2025-09-28T16:47:40.587073
443,"Drivetvmovie, you have a good eye",Pinterest <recommendations@discover.pinterest.com>,"Sun, 27 Oct 2024 02:51:44 +0000",To view this content open the following URL in your browser: https://www.pinterest.com/email/click/?user_id=MTExNTQxNTE3MDExODgxOTQ4Mw%3D%3D&od=dD03N2E3ODkzMzU0YzE0YzI5YWU3NDRmMTAyZmEzYjBlOSZjPUhPTUVG...,Safe Email (Ham),2025-09-28T16:47:41.030956
444,What is the salary of an SBI Bank PO nowadays?,Quora Digest <english-personalized-digest@quora.com>,"Sun, 27 Oct 2024 06:14:18 +0000","Top stories for Drivetv

-----

Question: What is the salary of an SBI Bank PO nowadays?


Answer from Amit Choudhary


Salary varies according to place of posting.

you can add-on all you...",Safe Email (Ham),2025-09-28T16:47:41.478788
445,Inspired by Drivetvmovie,Pinterest <recommendations@discover.pinterest.com>,"Sun, 27 Oct 2024 12:51:34 +0000",To view this content open the following URL in your browser: https://www.pinterest.com/email/click/?user_id=MTExNTQxNTE3MDExODgxOTQ4Mw%3D%3D&od=dD05MGIxYTcyOTcyNTM0ZWQxYTlmZTM4OWRlOWI2MmI1YyZjPUhPTUVG...,Safe Email (Ham),2025-09-28T16:47:41.947406
446,Is the 94.1 LPA salary in Bangalore too low for a 32-year-old software engineer?,Quora Digest <english-personalized-digest@quora.com>,"Mon, 28 Oct 2024 13:49:26 +0000","Top stories for Drivetv

-----

Question: Is the 94.1 LPA salary in Bangalore too low for a 32-year-old software engineer?


Answer from Shravan Singh


Yes dear, It’s very low as compared t...",Safe Email (Ham),2025-09-28T16:47:42.424593
447,I am 19 and I still have no idea what I want to pursue. Nothing interests me. What is...?,Quora Digest <english-personalized-digest@quora.com>,"Wed, 30 Oct 2024 03:15:55 +0000","Top stories for Drivetv

-----

Question: I am 19 and I still have no idea what I want to pursue. Nothing interests me. What is the best thing to major at in college?


Answer from Ryan Grandic...",Safe Email (Ham),2025-09-28T16:47:42.850052
448,Will TCS take ex-TCS employees?,Quora Digest <english-personalized-digest@quora.com>,"Thu, 31 Oct 2024 05:24:54 +0000","Top stories for Drivetv

-----

Question: Will TCS take ex-TCS employees?


Answer from Shaunak Bhattacharjeee


TCS has an “unofficial"" policy of not hiring former employees who have previo...",Safe Email (Ham),2025-09-28T16:47:43.255442
449,"Drivetvmovie, you have a good eye",Pinterest <recommendations@discover.pinterest.com>,"Fri, 01 Nov 2024 02:52:44 +0000",To view this content open the following URL in your browser: https://www.pinterest.com/email/click/?user_id=MTExNTQxNTE3MDExODgxOTQ4Mw%3D%3D&od=dD0yMTllYjAxMDg3YjI0NDcxYjE3YzM4YmRhNDE5YTIzYyZjPUhPTUVG...,Safe Email (Ham),2025-09-28T16:47:43.680845
450,Do Accenture terminate if a candidate fails in training?,Quora Digest <english-personalized-digest@quora.com>,"Fri, 01 Nov 2024 13:55:36 +0000","Top stories for Drivetv

-----

Question: Do Accenture terminate if a candidate fails in training?


Answer from Tripti Shrivastava


YES . You will be TERMINATED.

It is really really imp...",Safe Email (Ham),2025-09-28T16:47:44.143071
451,Inspired by Drivetvmovie,"""=?utf-8?q?Pinterest?="" <recommendations@explore.pinterest.com>","Sat, 02 Nov 2024 02:52:51 +0000",To view this content open the following URL in your browser: https://www.pinterest.com/email/click/?user_id=MTExNTQxNTE3MDExODgxOTQ4Mw%3D%3D&od=dD1kZDhlYjE2OTA0YjU0OWI5YjA0NWYzYzcwYTliMzRiZSZjPUhPTUVG...,Safe Email (Ham),2025-09-28T16:47:44.597456
452,"Drivetvmovie, you have a good eye",Pinterest <recommendations@discover.pinterest.com>,"Sat, 02 Nov 2024 12:52:58 +0000",To view this content open the following URL in your browser: https://www.pinterest.com/email/click/?user_id=MTExNTQxNTE3MDExODgxOTQ4Mw%3D%3D&od=dD01Mzk0OTZkNjEzYmU0NjA1OWRjZTU5ZmQyNDQzZDliNCZjPUhPTUVG...,Safe Email (Ham),2025-09-28T16:47:45.067190
454,Inspired by Drivetvmovie,Pinterest <recommendations@discover.pinterest.com>,"Sun, 03 Nov 2024 02:53:17 +0000",To view this content open the following URL in your browser: https://www.pinterest.com/email/click/?user_id=MTExNTQxNTE3MDExODgxOTQ4Mw%3D%3D&od=dD1kNjFjZTk2NzdhMGM0Nzg3YWVhNWEwMjcwZjE2NmQxZCZjPUhPTUVG...,Safe Email (Ham),2025-10-04T13:09:48.904478
455,"Drivetvmovie, these ideas are so you",Pinterest <recommendations@discover.pinterest.com>,"Sun, 03 Nov 2024 12:53:20 +0000",To view this content open the following URL in your browser: https://www.pinterest.com/email/click/?user_id=MTExNTQxNTE3MDExODgxOTQ4Mw%3D%3D&od=dD03NzIyMGJkMDI5Yzc0MmQ0OTc4NmZmYmJlZGMzNzg4YSZjPUhPTUVG...,Safe Email (Ham),2025-10-04T13:09:49.454957
456,Confirm your account,Spotify <no-reply@spotify.com>,"Mon, 04 Nov 2024 05:14:57 +0000 (UTC)","Spotify 
WELCOME TO 

SPOTIFY


CONFIRM YOUR ACCOUNT ( https://wl.spotify.com/ls/click?upn=u001.cl-2BALPAc5tfD4xJMKaKnYeEWqP80O6RX1DItCzt-2B8F-2FkNegH5Y5z0NFRkWYeaF90w8PNrdjXQ6cyanfVQSJ5-2FoHRxY...",Phishing Detected! Intent: Malware Delivery,2025-10-04T13:09:49.897356
458,Do 10th class marks matter for life?,Quora Digest <english-personalized-digest@quora.com>,"Wed, 06 Nov 2024 03:50:41 +0000","Top stories for Drivetv

-----

Question: Do 10th class marks matter for life?


Answer from Sajeed Mahboob


Matriculation marks doesn't matter at all. If at all it's necessary, it will put...",Safe Email (Ham),2025-10-04T13:09:50.427763
459,My 12 year old son is crying because I deleted his 5 year old Minecraft world. How do...?,Quora Digest <english-personalized-digest@quora.com>,"Wed, 06 Nov 2024 23:03:05 +0000","Top stories for Drivetv

-----

Question: My 12 year old son is crying because I deleted his 5 year old Minecraft world. How do I explain to him that it's just a game?


Answer from Ayuth


...",Safe Email (Ham),2025-10-04T13:09:50.874046
461,"Drivetvmovie, feels like your style",Pinterest <recommendations@discover.pinterest.com>,"Thu, 07 Nov 2024 02:53:32 +0000",To view this content open the following URL in your browser: https://www.pinterest.com/email/click/?user_id=MTExNTQxNTE3MDExODgxOTQ4Mw%3D%3D&od=dD02ZjMxZTRmOWUzYjE0NjNmODI3NWFlMWVjMDI4NTUwMyZjPUhPTUVG...,Safe Email (Ham),2025-10-04T13:09:51.272625
462,Get premium features for Proton VPN,Proton <no-reply@offers.proton.me>,"Thu, 07 Nov 2024 21:04:08 +0000 (UTC)","Get up to 90% off Proton VPN Plus for a limited time

[Proton](https://proton.me/)

Save up to 90% with our Black Friday deals

Dear Proton community member,

Thank you for trusting Proton VPN to prot...",Phishing Detected! Intent: Scam Offer,2025-10-04T13:09:52.156854
463,"Drivetvmovie, you have a good eye","""=?utf-8?q?Pinterest?="" <recommendations@explore.pinterest.com>","Fri, 08 Nov 2024 02:53:50 +0000",To view this content open the following URL in your browser: https://www.pinterest.com/email/click/?user_id=MTExNTQxNTE3MDExODgxOTQ4Mw%3D%3D&od=dD0wYjk5MTQ3N2M1YTQ0ZTdlYTM0ZGE5NmY4YWY2NTBkNyZjPUhPTUVG...,Safe Email (Ham),2025-10-04T13:09:52.558636
464,I got selected for TCS (3.36 LPA) and Wipro (3.5 LPA). Which one should I choose (pas...?,Quora Digest <english-personalized-digest@quora.com>,"Fri, 08 Nov 2024 14:00:24 +0000","Top stories for Drivetv

-----

Question: I got selected for TCS (3.36 LPA) and Wipro (3.5 LPA). Which one should I choose (passout batch 2020)?


Answer from Pankaj Singh


Remember if you ...",Safe Email (Ham),2025-10-04T13:09:52.969912
465,"Drivetvmovie, these ideas are so you",Pinterest <recommendations@discover.pinterest.com>,"Sat, 09 Nov 2024 02:54:02 +0000",To view this content open the following URL in your browser: https://www.pinterest.com/email/click/?user_id=MTExNTQxNTE3MDExODgxOTQ4Mw%3D%3D&od=dD1lY2I5ZjJkMjQzNzE0ZDJjODRlMTU0NDg5YzM0YmMwYSZjPUhPTUVG...,Safe Email (Ham),2025-10-04T13:09:53.362451
466,Thanks for your report to YouTube,YouTube <no-reply@youtube.com>,"Sat, 09 Nov 2024 09:10:11 -0800","
Hello drivetv movie,

Thank you for your video <https://www.youtube.com/watch?v=IokMZ5YCnAE>  
report on November 9, 2024. We’ll take a careful look at this content.

WHAT HAPPENS NEXT

After...",Safe Email (Ham),2025-10-04T13:09:53.786000
467,"As TCS has stopped work from home, how many employees are likely to resign voluntaril...?",Quora Digest <english-personalized-digest@quora.com>,"Sat, 09 Nov 2024 23:04:09 +0000","Top stories for Drivetv

-----

Question: As TCS has stopped work from home, how many employees are likely to resign voluntarily for this reason alone?


Answer from Prosenjit


Accenture ha...",Safe Email (Ham),2025-10-04T13:09:54.195000
468,🔴 Ani-One Asia just started a Premiere: 《妻子變成小學生。》#7 (繁中字幕 | 日語原聲)【Ani-One Asia】,YouTube <noreply@youtube.com>,"Sun, 10 Nov 2024 05:30:53 -0800","🔴 Ani-One Asia just started a Premiere: 《妻子變成小學生。》#7 (繁中字幕 |  
日語原聲)【Ani-One Asia】
Ani-One Asia is premiering 《妻子變成小學生。》#7 (繁中字幕 | 日語原聲)【 
Ani-One Asia】.
《妻子變成小學生。》#7 (繁中字幕 | 日語原聲)【Ani-One Asia】
...",Phishing Detected! Intent: Scam Offer,2025-10-04T13:09:54.592247
470,"In a job interview, the panel asked you, ""Will you leave this job if you find a bette...?",Quora Digest <english-personalized-digest@quora.com>,"Mon, 11 Nov 2024 13:54:44 +0000","Top stories for Drivetv

-----

Question: In a job interview, the panel asked you, ""Will you leave this job if you find a better one?” What will be your answer?


Answer from Eric Ivers


My...",Safe Email (Ham),2025-10-04T13:09:55.019491
471,My train ticket is PQWL31/WL26 and the journey is 22 days later. Can I get any RAC or...?,Quora Digest <english-personalized-digest@quora.com>,"Wed, 13 Nov 2024 08:52:52 +0000","Top stories for Drivetv

-----

Question: My train ticket is PQWL31/WL26 and the journey is 22 days later. Can I get any RAC or confirm ticket?


Answer from Harsh Puranam


When you have a ...",Safe Email (Ham),2025-10-04T13:09:55.422978
472,How do I spot fake anime fans?,Quora Digest <english-personalized-digest@quora.com>,"Thu, 14 Nov 2024 00:29:27 +0000","Top stories for Drivetv

-----

Question: How do I spot fake anime fans?


Answer from Anime Motivation


One thing I WON’T do is gatekeep what makes an anime fan and what doesn’t.

“True ...",Safe Email (Ham),2025-10-04T13:09:55.829227
473,"Drivetvmovie, feels like your style","""=?utf-8?q?Pinterest?="" <pinterest-recommendations@ideas.pinterest.com>","Fri, 15 Nov 2024 02:55:13 +0000",To view this content open the following URL in your browser: https://www.pinterest.com/email/click/?user_id=MTExNTQxNTE3MDExODgxOTQ4Mw%3D%3D&od=dD1jNDUwYzcwN2RhN2U0M2Q2YjNhNDU2ZjQzMDc1NzhiNyZjPUhPTUVG...,Safe Email (Ham),2025-10-04T13:09:56.238470
474,"I'm 24, am I too late to be successful?",Quora Digest <english-personalized-digest@quora.com>,"Fri, 15 Nov 2024 13:51:24 +0000","Top stories for Drivetv

-----

Question: I'm 24, am I too late to be successful?


Answer from Rosh Louis


I am 27. I fucked up my teenage life. I did not do well. I was hot headed. At 21,...",Safe Email (Ham),2025-10-04T13:09:56.734308
475,"Drivetvmovie, you have a good eye","""=?utf-8?q?Pinterest?="" <recommendations@explore.pinterest.com>","Sat, 16 Nov 2024 02:55:22 +0000",To view this content open the following URL in your browser: https://www.pinterest.com/email/click/?user_id=MTExNTQxNTE3MDExODgxOTQ4Mw%3D%3D&od=dD1jODMxZjU3ZTFhZDI0OTRkOTRmYWVmNGZiYmFjMDBkNSZjPUhPTUVG...,Safe Email (Ham),2025-10-04T13:09:57.163114
476,Inspired by Drivetvmovie,Pinterest <recommendations@discover.pinterest.com>,"Sun, 17 Nov 2024 02:55:44 +0000",To view this content open the following URL in your browser: https://www.pinterest.com/email/click/?user_id=MTExNTQxNTE3MDExODgxOTQ4Mw%3D%3D&od=dD02YzA1ZWE2MTJlNzc0OWFiYTFkNDhmODFhZDIzNTM1NiZjPUhPTUVG...,Safe Email (Ham),2025-10-04T13:09:57.697976
477,"Drivetvmovie, you have a good eye",Pinterest <recommendations@discover.pinterest.com>,"Sun, 17 Nov 2024 14:55:45 +0000",To view this content open the following URL in your browser: https://www.pinterest.com/email/click/?user_id=MTExNTQxNTE3MDExODgxOTQ4Mw%3D%3D&od=dD03NzAyNmU2ZGMyNDY0NWI3OTNkZjlkZTM4ZWUwNmFlYiZjPUhPTUVG...,Safe Email (Ham),2025-10-04T13:09:58.931445
478,"At AIIMS, what is the fee structure per annum?",Quora Digest <english-personalized-digest@quora.com>,"Mon, 18 Nov 2024 07:20:05 +0000","Top stories for Drivetv

-----

Question: At AIIMS, what is the fee structure per annum?


Answer from Arul Agarwal


At AIIMS we have minimal fees, the major reason for this is AIIMS is und...",Safe Email (Ham),2025-10-04T13:10:00.284485
479,Can anyone share his SSC MTS marks?,Quora Digest <english-personalized-digest@quora.com>,"Tue, 19 Nov 2024 23:38:30 +0000","Top stories for Drivetv

-----

Question: Can anyone share his SSC MTS marks?


Answer from Shaurya


MTS 2021

26 July 2022, Shift-3 (5.00 PM - 6.30 PM)

Attempted all the 100 questions...",Safe Email (Ham),2025-10-04T13:10:01.637025
480,"Drivetvmovie, feels like your style",Pinterest <recommendations@discover.pinterest.com>,"Wed, 20 Nov 2024 02:56:16 +0000",To view this content open the following URL in your browser: https://www.pinterest.com/email/click/?user_id=MTExNTQxNTE3MDExODgxOTQ4Mw%3D%3D&od=dD05Njk3NDdmYzg4MDc0MDQ3Yjc4NWQ2M2M2OTc2MmVkNiZjPUhPTUVG...,Safe Email (Ham),2025-10-04T13:10:02.040689
482,Discord password changed,Discord <noreply@discord.com>,"Wed, 20 Nov 2024 13:44:37 +0000 (UTC)"," What's up robin19990165,

We've channeled our psionic energy to change your Discord account password. Gonna go get a seltzer to calm down.

If this wasn't done by you, please immediately reset th...",Safe Email (Ham),2025-10-04T13:10:02.487991
484,My 1st semester CGPA is 5.1. Is it possible to get an 8.5 CGPA in the final marksheet...?,Quora Digest <english-personalized-digest@quora.com>,"Thu, 21 Nov 2024 13:53:22 +0000","Top stories for Drivetv

-----

Question: My 1st semester CGPA is 5.1. Is it possible to get an 8.5 CGPA in the final marksheet, and how many are required in each semester?


Answer from Ankita...",Safe Email (Ham),2025-10-04T13:10:02.953643
487,Thanks for your report to YouTube,YouTube <no-reply@youtube.com>,"Thu, 21 Nov 2024 09:52:37 -0800","
Hello drivetv movie,

Thank you for your video <https://www.youtube.com/watch?v=_VahX1CSWvw>  
report on November 21, 2024. We’ll take a careful look at this content.

WHAT HAPPENS NEXT

Afte...",Safe Email (Ham),2025-10-04T13:10:03.408647
488,I have published 100 books on Amazon Kindle but still not a single one is sold. What ...?,Quora Digest <english-personalized-digest@quora.com>,"Sat, 23 Nov 2024 14:00:05 +0000","Top stories for Drivetv

-----

Question: I have published 100 books on Amazon Kindle but still not a single one is sold. What is the reason?


Answer from Reba Schneider


I agree with the ...",Safe Email (Ham),2025-10-04T13:10:03.821162
489,Will a smoker’s lungs clean themselves if they quit smoking and how long does it take?,Quora Digest <english-personalized-digest@quora.com>,"Sun, 24 Nov 2024 23:54:44 +0000","Top stories for Drivetv

-----

Question: Will a smoker’s lungs clean themselves if they quit smoking and how long does it take?


Answer from Alessandro Machi


i will share my Father’s lif...",Safe Email (Ham),2025-10-04T13:10:04.229606
491,Final reminder to save big on Proton VPN,Proton <no-reply@offers.proton.me>,"Mon, 25 Nov 2024 18:16:55 +0000 (UTC)","It’s the last week for Black Friday deals. Get unlimited streaming and the best deals of the year.

[Proton](https://proton.me/)

Don’t miss our biggest savings of the year

Dear Proton community memb...",Phishing Detected! Intent: Scam Offer,2025-10-04T13:10:05.071856
492,"Drivetvmovie, you have a good eye",Pinterest <recommendations@discover.pinterest.com>,"Wed, 27 Nov 2024 02:14:13 +0000",To view this content open the following URL in your browser: https://www.pinterest.com/email/click/?user_id=MTExNTQxNTE3MDExODgxOTQ4Mw%3D%3D&od=dD01ZjVhMGNiOWIyYzc0ZjQxYWM3OGYzNTAxMGVlMzQ0YSZjPUhPTUVG...,Safe Email (Ham),2025-10-04T13:10:05.560030
493,Is it very difficult to pass 1st year MBBS?,Quora Digest <english-personalized-digest@quora.com>,"Wed, 27 Nov 2024 03:18:29 +0000","Top stories for Drivetv

-----

Question: Is it very difficult to pass 1st year MBBS?


Answer from Viddhi Asnani


24/02/22: First day of college

30/09/22: Dates for our 1st MBBS Univers...",Safe Email (Ham),2025-10-04T13:10:05.973216
494,Do certificates from NPTEL courses hold any value?,Quora Digest <english-personalized-digest@quora.com>,"Thu, 28 Nov 2024 13:43:30 +0000","Top stories for Drivetv

-----

Question: Do certificates from NPTEL courses hold any value?


Answer from Sudhanshu Rryaansh


Yes of course in fact they at far more valuable and precious a...",Safe Email (Ham),2025-10-04T13:10:06.436454
495,Was Sauron afraid of Smeagol?,Quora Digest <english-personalized-digest@quora.com>,"Fri, 29 Nov 2024 13:52:17 +0000","Top stories for Drivetv

-----

Question: Was Sauron afraid of Smeagol?


Answer from Sid Kemp


According to J. R. R. Tolkien, yes, Sauron was afraid of Smeagol, that is, Gollum. He was not...",Safe Email (Ham),2025-10-04T13:10:06.989137
496,"More related to ""I got 65 marks out of total marks of 100. Am I eligible to get a certificate at the N...?""",Quora <curiosity-noreply@quora.com>,"Sat, 30 Nov 2024 06:37:09 +0000","Stories from your activity

-----

Question: How good is a 68% score in the NPTEL final result?


Answer from Curious Mind


Personally I don't think it is a good score because there are tho...",Safe Email (Ham),2025-10-04T13:10:07.431512
497,🔴 ジャンプチャンネル just started a Premiere: 【公式】JUMP MV 全30本　まとめ映像（『SPECIALZ』~『遥か彼方』）,YouTube <noreply@youtube.com>,"Sat, 30 Nov 2024 03:01:00 -0800","🔴 ジャンプチャンネル just started a Premiere: 【公式】JUMP MV 全30本　まと 
め映像（『SPECIALZ』~『遥か彼方』）
ジャンプチャンネル is premiering 【公式】JUMP MV 全30本　まとめ映像（『 
SPECIALZ』~『遥か彼方』）.
【公式】JUMP MV 全30本　まとめ映像（『SPECIALZ』~『遥か彼方』）
htt...",Phishing Detected! Intent: Scam Offer,2025-10-04T13:10:07.919529
498,If Aryabhatta invented 0 then how do we know that Ravana had 10 heads?,Quora Digest <english-personalized-digest@quora.com>,"Sun, 01 Dec 2024 06:15:02 +0000","Top stories for Drivetv

-----

Question: If Aryabhatta invented 0 then how do we know that Ravana had 10 heads?


Answer from Krishna Kumar


This is one of the biggest misconception in Ind...",Safe Email (Ham),2025-10-04T13:10:08.337700
499,Did JK Rowling ever reveal the huge plot hole that made her rewrite The Goblet of Fire?,Quora Digest <english-personalized-digest@quora.com>,"Mon, 02 Dec 2024 13:53:16 +0000","Top stories for Drivetv

-----

Question: Did JK Rowling ever reveal the huge plot hole that made her rewrite The Goblet of Fire?


Answer from Adnan Bey


I can't believe the only answer he...",Safe Email (Ham),2025-10-04T13:10:08.833082
500,How do I study for long hours straight?,Quora Digest <english-personalized-digest@quora.com>,"Wed, 04 Dec 2024 06:18:41 +0000","Top stories for Drivetv

-----

Question: How do I study for long hours straight?


Answer from Prakash Mishra


F*CK POMODORO

If you are a heavy procrastinator and tend to lose focus imm...",Safe Email (Ham),2025-10-04T13:10:09.250487
501,"If the BJP loses in the 2029 Lok Sabha general elections, then will this be an endgam...?",Quora Digest <english-personalized-digest@quora.com>,"Thu, 05 Dec 2024 06:20:42 +0000","Top stories for Drivetv

-----

Question: If the BJP loses in the 2029 Lok Sabha general elections, then will this be an endgame for Narendra Modi?


Answer from Abhinay Joshi


Offcourse!!!...",Safe Email (Ham),2025-10-04T13:10:09.758199
502,"Drivetvmovie, this could be your vibe",Pinterest <recommendations@discover.pinterest.com>,"Fri, 06 Dec 2024 01:36:10 +0000",To view this content open the following URL in your browser: https://www.pinterest.com/email/click/?user_id=MTExNTQxNTE3MDExODgxOTQ4Mw%3D%3D&od=dD05ZDA3ZWU5ZTdkN2E0YzQwYjg0YWVkMTRkZWM2OTg0MSZjPUhPTUVG...,Safe Email (Ham),2025-10-04T13:10:10.172359
503,Exciting Rewards Await! Click on Your Scratch Cards,=?UTF-8?B?RmxpcGthcnQ=?= <no-reply@ncb.flipkart.com>,"Fri, 6 Dec 2024 11:20:23 +0530","

  
   
   
   
   
   
   
  
 
   
   
   
       
       
         
          
           
           
            
             
                  
             
         ...",Phishing Detected! Intent: Scam Offer,2025-10-04T13:10:10.581563
504,How much salary do you need to survive in Bangalore as a couple?,Quora Digest <english-personalized-digest@quora.com>,"Fri, 06 Dec 2024 13:53:30 +0000","Top stories for Drivetv

-----

Question: How much salary do you need to survive in Bangalore as a couple?


Answer from Aaryan Singh


2BHK rented flat - 18,000 per month

Electricity Bil...",Safe Email (Ham),2025-10-04T13:10:11.082799
505,Raiden Shotgun loves your comment,YouTube <noreply@youtube.com>,"Sat, 07 Dec 2024 03:18:11 -0800","Raiden Shotgun loves your comment
Raiden Shotgun loves your comment on ANOTHER FEMALE CHARACTER ""VARESA"" WILL  
BE RELEASED IN NATLAN - Genshin Impact
@Robin5041-c4g
Comment: @raidenshotgun2022 yo...",Safe Email (Ham),2025-10-04T13:10:11.540533
506,Is Accenture a good company to join (by leaving TCS) during corona outbreak?,Quora Digest <english-personalized-digest@quora.com>,"Sun, 08 Dec 2024 06:28:08 +0000","Top stories for Drivetv

-----

Question: Is Accenture a good company to join (by leaving TCS) during corona outbreak?


Answer from Mahesh Gautam


If you have already got the joining mail ...",Safe Email (Ham),2025-10-04T13:10:12.018588
507,"I got 24.9960 percentile in JEE Mains 2021 February session, what should I do?",Quora Digest <english-personalized-digest@quora.com>,"Mon, 09 Dec 2024 13:53:46 +0000","Top stories for Drivetv

-----

Question: I got 24.9960 percentile in JEE Mains 2021 February session, what should I do?


Answer from Alok Kumar


Hi dear, I am answering this question as a...",Safe Email (Ham),2025-10-04T13:10:12.624259
508,Annual reminder about Google Play terms and policies,Google Play <googleplay-noreply@google.com>,"Tue, 10 Dec 2024 06:36:04 -0800","
Hello Google Play user,

This email is an annual reminder that your use of Google Play and the apps,  
games, music, movies, books, magazines, or other digital content or  
services available th...",Safe Email (Ham),2025-10-04T13:10:13.229851
509,How was your 2024 CBSE class 10 results?,Quora Digest <english-quora-digest@quora.com>,"Wed, 11 Dec 2024 06:24:58 +0000","Top stories for Drivetv

-----

Question: How was your 2024 CBSE class 10 results?


Answer from Naghul Adhithya


I am in class 11th(CBSE), and got my results of 10th boards on May 13 2024 ...",Safe Email (Ham),2025-10-04T13:10:13.778699
510,Do class 10 marks really matter in the future?,Quora Digest <english-quora-digest@quora.com>,"Thu, 12 Dec 2024 06:23:11 +0000","Top stories for Drivetv

-----

Question: Do class 10 marks really matter in the future?


Answer from Dwiti


This is my 10th marksheet.. I got 97 percent in board and became an honor to my...",Safe Email (Ham),2025-10-04T13:10:14.266057
511,🔴 thegameawards is live now: 🔴 The Game Awards 2024: Official 4K Livestream - LIVE TODAY! (7:30p ET/4:30p PT/12:30a GMT),YouTube <noreply@youtube.com>,"Thu, 12 Dec 2024 15:31:22 -0800","🔴 thegameawards is live now: 🔴 The Game Awards 2024: Official 4K  
Livestream - LIVE TODAY! (7:30p ET/4:30p PT/12:30a GMT)
thegameawards is live streaming 🔴 The Game Awards 2024: Official 4K  
Live...",Phishing Detected! Intent: Scam Offer,2025-10-04T13:10:14.830631
512,Inspired by Drivetvmovie,"""=?utf-8?q?Pinterest?="" <recommendations@inspire.pinterest.com>","Fri, 13 Dec 2024 02:18:36 +0000",To view this content open the following URL in your browser: https://www.pinterest.com/email/click/?user_id=MTExNTQxNTE3MDExODgxOTQ4Mw%3D%3D&od=dD1hZWFkZjAzMDliMmY0YjBlYmE3MTk2NWE1ZDk5MzMwNiZjPUhPTUVG...,Safe Email (Ham),2025-10-04T13:10:15.281995
513,How was your NEET result?,Quora Digest <english-quora-digest@quora.com>,"Fri, 13 Dec 2024 13:48:00 +0000","Top stories for Drivetv

-----

Question: How was your NEET result?


Answer from Tharun


I got 634

I have the habit overthinking especially during tests and I did get headache during th...",Phishing Detected! Intent: Scam Offer,2025-10-04T13:10:15.710059
514,鳴潮｜新星4共鳴者トウトウ並びに吟霖、相里要集音イベントが登場！,"""Wuthering Waves"" <wuwapromotion@email.kurogame.com>","Sat, 14 Dec 2024 00:49:04 +0800","<!DOCTYPE html>
<html lang=""ja-JP"">

<head>
    <meta charset=""utf-8"">
    <title>鳴潮</title>
    <meta name=""viewport"" content=""width=device-width,initial-scale=1"">
    <style type=""text/css"">...",Phishing Detected! Intent: Scam Offer,2025-10-04T13:10:16.141475
516,How was your CBSE 2023 boards result?,Quora Digest <english-quora-digest@quora.com>,"Sun, 15 Dec 2024 06:26:28 +0000","Top stories for Drivetv

-----

Question: How was your CBSE 2023 boards result?


Answer from Aditi Sahu


Okayy so the results were announced on 12 may

I was nervous like hell but at the...",Safe Email (Ham),2025-10-04T13:10:16.550950
517,I am holding 174 shares of Indian Railway Finance Corporation (IRFC) average price is...?,Quora Digest <english-quora-digest@quora.com>,"Mon, 16 Dec 2024 14:04:02 +0000","Top stories for Drivetv

-----

Question: I am holding 174 shares of Indian Railway Finance Corporation (IRFC) average price is 191, currently the share is showing downtrend. What should I do?

...",Safe Email (Ham),2025-10-04T13:10:17.222499
518,How can I study hard with full concentration 8-9 hours every day without getting tire...?,Quora Digest <english-quora-digest@quora.com>,"Wed, 18 Dec 2024 06:27:25 +0000","Top stories for Drivetv

-----

Question: How can I study hard with full concentration 8-9 hours every day without getting tired or burning out?


Answer from Niraj Sah


Studing for 8–9 hou...",Safe Email (Ham),2025-10-04T13:10:17.860124
519,Your Rewards Are Waiting! ,=?UTF-8?B?RmxpcGthcnQ=?= <no-reply@ncb.flipkart.com>,"Wed, 18 Dec 2024 12:36:13 +0530","

  
   
   
   
   
   
   
  
 
   
   
   
       
       
         
          
           
           
            
             
                  
             
         ...",Phishing Detected! Intent: Scam Offer,2025-10-04T13:10:18.299245
520,"If you call 911 by accident and tell the operator “sorry, I didn’t mean to dial you,”...?",Quora Digest <english-quora-digest@quora.com>,"Thu, 19 Dec 2024 06:21:09 +0000","Top stories for Drivetv

-----

Question: If you call 911 by accident and tell the operator “sorry, I didn’t mean to dial you,” will they still send someone out?


Answer from Christopher Lowma...",Safe Email (Ham),2025-10-04T13:10:19.190330
521,You’re now using Gemini on web,Google Gemini <google-gemini-noreply@google.com>,"Thu, 19 Dec 2024 00:06:00 -0800","

Get the most out of Gemini on web

Welcome to Gemini, an AI assistant from Google that can help you  
supercharge your creativity and productivity. With Gemini web app, you can  
get help writ...",Phishing Detected! Intent: Scam Offer,2025-10-04T13:10:19.645380
522,🔴 Muse Asia just started a Premiere: DAN DA DAN - Episode 12 [English Sub],YouTube <noreply@youtube.com>,"Thu, 19 Dec 2024 08:00:52 -0800","🔴 Muse Asia just started a Premiere: DAN DA DAN - Episode 12 [English Sub]
Muse Asia is premiering DAN DA DAN - Episode 12 [English Sub].
DAN DA DAN - Episode 12 [English Sub]
https://www.youtube.c...",Safe Email (Ham),2025-10-04T13:10:20.097710
523,"Drivetvmovie, these ideas are so you","""=?utf-8?q?Pinterest?="" <recommendations@explore.pinterest.com>","Fri, 20 Dec 2024 02:31:33 +0000",To view this content open the following URL in your browser: https://www.pinterest.com/email/click/?user_id=MTExNTQxNTE3MDExODgxOTQ4Mw%3D%3D&od=dD02NzAxNjJkZjRhMmU0YjdmOTg2MDZlN2E0Y2VkM2JkMyZjPUhPTUVG...,Safe Email (Ham),2025-10-04T13:10:20.496280
524,Celestia Impact loves your comment,YouTube <noreply@youtube.com>,"Thu, 19 Dec 2024 22:38:47 -0800","Celestia Impact loves your comment
Celestia Impact loves your comment on Genshin Impact 5.4 Update: New Banner  
Changes, Harbinger Delay, and Abyss Buff Details!
@Robin5041-c4g
Comment: Good luck...",Safe Email (Ham),2025-10-04T13:10:20.919289
525,"Hey drivetv, welcome to Gemini",Google Gemini <google-gemini-noreply@google.com>,"Fri, 20 Dec 2024 02:29:02 -0800","

Get the latest updates and more. Subscribe to our  
emails<https://notifications.google.com/g/p/ANiao5oGZYGkZnMRntYPkeGMFpt_FGY-XMj6VFznEHHfiKcCz9IBOY0oj_57cEHKKZXv_ewI8fwtz3GbuHU6otqw8STeQS6tdOX...",Safe Email (Ham),2025-10-04T13:10:21.345434
526,🔴 原神-Genshin-公式 is live now: Ver.5.3「灼烈の反魂の詩」予告番組,YouTube <noreply@youtube.com>,"Fri, 20 Dec 2024 04:00:53 -0800","🔴 原神-Genshin-公式 is live now: Ver.5.3「灼烈の反魂の詩」予告番組
原神-Genshin-公式 is live streaming Ver.5.3「灼烈の反魂の詩」予告番組.
Ver.5.3「灼烈の反魂の詩」予告番組
http://www.youtube.com/watch?v=HpUGS28DAmU&feature=em-lbrm
You received...",Phishing Detected! Intent: Scam Offer,2025-10-04T13:10:21.815894
527,🔴 Genshin Impact just started a Premiere: Genshin Impact Version 5.3 Special Program #GenshinImpact #NewVersion #SpecialProgram,YouTube <noreply@youtube.com>,"Fri, 20 Dec 2024 04:01:57 -0800","🔴 Genshin Impact just started a Premiere: Genshin Impact Version 5.3  
Special Program #GenshinImpact #NewVersion #SpecialProgram
Genshin Impact is premiering Genshin Impact Version 5.3 Special Prog...",Phishing Detected! Intent: Scam Offer,2025-10-04T13:10:22.355038
528,"If CTC is 9.5 LPA, then how much is the in-hand salary in TCS?",Quora Digest <english-quora-digest@quora.com>,"Fri, 20 Dec 2024 15:17:32 +0000","Top stories for Drivetv

-----

Question: If CTC is 9.5 LPA, then how much is the in-hand salary in TCS?


Answer from ET Money


Greetings,

It can vary for different companies. But let’s...",Safe Email (Ham),2025-10-04T13:10:22.869023
529,🔴 KydroTV is live now: Wuthering Waves 2.0 LIVESTREAM WATCHPARTY!,YouTube <noreply@youtube.com>,"Sat, 21 Dec 2024 01:38:38 -0800","🔴 KydroTV is live now: Wuthering Waves 2.0 LIVESTREAM WATCHPARTY!
KydroTV is live streaming Wuthering Waves 2.0 LIVESTREAM WATCHPARTY!.
Wuthering Waves 2.0 LIVESTREAM WATCHPARTY!
http://www.youtube...",Phishing Detected! Intent: Scam Offer,2025-10-04T13:10:23.273840
530,🔴 Wuthering Waves is live now: Wuthering Waves Version 2.0 Preview Special Broadcast,YouTube <noreply@youtube.com>,"Sat, 21 Dec 2024 02:51:19 -0800","🔴 Wuthering Waves is live now: Wuthering Waves Version 2.0 Preview Special  
Broadcast
Wuthering Waves is live streaming Wuthering Waves Version 2.0 Preview  
Special Broadcast.
Wuthering Waves Ve...",Safe Email (Ham),2025-10-04T13:10:23.682646
531,"After getting selected in TCS, what happens?",Quora Digest <english-quora-digest@quora.com>,"Sun, 22 Dec 2024 06:27:40 +0000","Top stories for Drivetv

-----

Question: After getting selected in TCS, what happens?


Answer from Neha Raj


Getting selected for a big reputed company will make you really happy in the b...",Phishing Detected! Intent: Financial Fraud,2025-10-04T13:10:24.100234
532,Sakomie loves your comment,YouTube <noreply@youtube.com>,"Sun, 22 Dec 2024 07:44:40 -0800","Sakomie loves your comment
Sakomie loves your comment on A 4-Year Genshin Account Tour
@Robin5041-c4g
Comment: Iam a newbie here its been 4 months since I started playing this  
game wish you good...",Phishing Detected! Intent: Scam Offer,2025-10-04T13:10:24.515565
533,"New reply to a comment on ""A 4-Year Genshin Account Tour""",YouTube <noreply@youtube.com>,"Sun, 22 Dec 2024 07:47:03 -0800","New reply to a comment on ""A 4-Year Genshin Account Tour""
🌟 @Sakomietv replied to Robin's comment
Reply: AWW HII !! hope ur enjoying the game so far 🥹🫶🏻 and thank uuu
Video: https://www.youtube.com...",Phishing Detected! Intent: Scam Offer,2025-10-04T13:10:25.014658
534,Can you share your IBPS RRB n clerk scorecard?,Quora Digest <english-quora-digest@quora.com>,"Mon, 23 Dec 2024 13:57:10 +0000","Top stories for Drivetv

-----

Question: Can you share your IBPS RRB n clerk scorecard?


Answer from Anu Smriti


Here…

I answered all 80. Got 76.5. Idk how that's possible because if I...",Safe Email (Ham),2025-10-04T13:10:25.429728
535,My employer sent me a legal notice through an advocate for not serving the notice per...?,Quora Digest <english-quora-digest@quora.com>,"Wed, 25 Dec 2024 06:24:38 +0000","Top stories for Drivetv

-----

Question: My employer sent me a legal notice through an advocate for not serving the notice period, where I served 36 days instead of 45 days. They asked me to pay ...",Safe Email (Ham),2025-10-04T13:10:25.942500
536,I've lost my interest in studies. How do I get it back?,Quora Digest <english-quora-digest@quora.com>,"Thu, 26 Dec 2024 13:54:30 +0000","Top stories for Drivetv

-----

Question: I've lost my interest in studies. How do I get it back?


Answer from Danish War Ramani


Okay, Now this is a Weird Question. Loosing Interest in St...",Safe Email (Ham),2025-10-04T13:10:26.344409
537,🎟️ Win a Lifetime account inProton’s Charity Fundraiser!,Proton <no-reply@news.proton.me>,"Thu, 26 Dec 2024 20:40:22 +0000 (UTC)","Join our annual fundraiser to support the nonprofits you chose, and have a chance to win a rare Proton Lifetime account.

[Proton](https://proton.me/)

Join the 2024 Lifetime Account Charity Fundraise...",Phishing Detected! Intent: Scam Offer,2025-10-04T13:10:27.019292
538,"Drivetvmovie, you have a good eye",Pinterest <recommendations@discover.pinterest.com>,"Sat, 28 Dec 2024 02:57:04 +0000",To view this content open the following URL in your browser: https://www.pinterest.com/email/click/?user_id=MTExNTQxNTE3MDExODgxOTQ4Mw%3D%3D&od=dD1jMzQ4YzAyZTcxZTQ0NDhkODQyOTI1OWE4ZmZhY2M0ZCZjPUhPTUVG...,Safe Email (Ham),2025-10-04T13:10:27.457731
539,How do I study consistently for hours?,Quora Digest <english-quora-digest@quora.com>,"Sat, 28 Dec 2024 13:58:52 +0000","Top stories for Drivetv

-----

Question: How do I study consistently for hours?


Answer from Radhika Pulel


F*CK POMODORO

If you are a heavy procrastinator and tend to lose focus immed...",Safe Email (Ham),2025-10-04T13:10:27.873692
540,Did anyone clear the NEET in 3 months?,Quora Digest <english-quora-digest@quora.com>,"Mon, 30 Dec 2024 06:21:27 +0000","Top stories for Drivetv

-----

Question: Did anyone clear the NEET in 3 months?


Answer from Basudev Yadav


Yes , l know one of my friend , he is my batchmate.

You will literally weep ...",Safe Email (Ham),2025-10-04T13:10:28.296462
541,Anos 97 loves your comment,YouTube <noreply@youtube.com>,"Mon, 30 Dec 2024 04:57:44 -0800","Anos 97 loves your comment
Anos 97 loves your comment on Mavuika, citlali & lan yan kit over view |  
தமிழ் | #genshinimpacttamil #anos97 #mavuika #citlali
@Robin5041-c4g
Comment: nice work bro bu...",Safe Email (Ham),2025-10-04T13:10:28.697768
542,"New reply to a comment on ""Mavuika, citlali & lan yan kit over view | தமிழ் | #genshinimpacttamil #anos97 #mavuika #citlali""",YouTube <noreply@youtube.com>,"Mon, 30 Dec 2024 05:00:19 -0800","New reply to a comment on ""Mavuika, citlali & lan yan kit over view | தமிழ்  
| #genshinimpacttamil #anos97 #mavuika #citlali""
🌟 @anos97tamil replied to Robin's comment
Reply: @Robin5041-c4g ok bro...",Safe Email (Ham),2025-10-04T13:10:29.119431
543,"New reply to a comment on ""PLAYER GOT BANNED FOR 50 YEARS FOR
 SKIPPING DIALOGS - Genshin Impact""",YouTube <noreply@youtube.com>,"Tue, 31 Dec 2024 04:22:37 -0800","New reply to a comment on ""PLAYER GOT BANNED FOR 50 YEARS FOR SKIPPING  
DIALOGS - Genshin Impact""
@Coira_swiftie replied to Raiden Shotgun's comment
Reply: Happy new year❤
Video: https://www.yout...",Safe Email (Ham),2025-10-04T13:10:29.522557
544,Raiden Shotgun loves your comment,YouTube <noreply@youtube.com>,"Tue, 31 Dec 2024 04:23:30 -0800","Raiden Shotgun loves your comment
Raiden Shotgun loves your comment on PLAYER GOT BANNED FOR 50 YEARS FOR  
SKIPPING DIALOGS - Genshin Impact
@Robin5041-c4g
Comment: Happy New Year to you too
Vid...",Safe Email (Ham),2025-10-04T13:10:29.932162
545,"New reply to a comment on ""PLAYER GOT BANNED FOR 50 YEARS FOR
 SKIPPING DIALOGS - Genshin Impact""",YouTube <noreply@youtube.com>,"Tue, 31 Dec 2024 04:27:54 -0800","New reply to a comment on ""PLAYER GOT BANNED FOR 50 YEARS FOR SKIPPING  
DIALOGS - Genshin Impact""
@rychiiry replied to Raiden Shotgun's comment
Reply: Happy New Year!!
Video: https://www.youtube....",Safe Email (Ham),2025-10-04T13:10:30.333183
546,"My YouTube channel is not monetized yet, but suddenly I saw one of my video views is ...?",Quora Digest <english-quora-digest@quora.com>,"Wed, 01 Jan 2025 06:23:44 +0000","Top stories for Drivetv

-----

Question: My YouTube channel is not monetized yet, but suddenly I saw one of my video views is showing YouTube ads. I have not added any ads on my videos. What shou...",Safe Email (Ham),2025-10-04T13:10:30.857529
547,"Wuthering Waves Version 2.0 Update: Jinhsi Outfit, Character Carlotta and Zhezhi Are Waiting For You To Obtain.",LootBar.gg <wuwaservice@edm.lootbar.gg>,"Thu, 02 Jan 2025 07:06:04 +0000","[logo]
Dear Rover, U1070713486:

Wuthering Waves version 2.0 ""All Silent Souls Can Sing"" is updated.

The second daughter of Montelli - Carlotta
Carlotta's perfect partner - Zhezhi,
Also waitin...",Safe Email (Ham),2025-10-04T13:10:31.261807
548,I am 44. How much SIP should I do every month to have a sum of 3 crore at 60?,Quora Digest <english-quora-digest@quora.com>,"Thu, 02 Jan 2025 13:55:09 +0000","Top stories for Drivetv

-----

Question: I am 44. How much SIP should I do every month to have a sum of 3 crore at 60?


Answer from Nikhil M N


If you need a corpus of 3 crores at 60 with...",Safe Email (Ham),2025-10-04T13:10:31.661169
549,"New reply to a comment on ""Complete Mavuika Guide | தமிழ் | #genshinimpacttamil #anos97 #mavuika #mavuikaguidetamil""",YouTube <noreply@youtube.com>,"Fri, 03 Jan 2025 10:08:40 -0800","New reply to a comment on ""Complete Mavuika Guide | தமிழ் |  
#genshinimpacttamil #anos97 #mavuika #mavuikaguidetamil""
@mathiveil4749 replied to Robin's comment
Reply: Same bro. Happy dance 🎉🎉🎉
Vi...",Phishing Detected! Intent: Scam Offer,2025-10-04T13:10:32.069446
550,Anos 97 loves your comment,YouTube <noreply@youtube.com>,"Fri, 03 Jan 2025 19:25:36 -0800","Anos 97 loves your comment
Anos 97 loves your comment on Complete Mavuika Guide | தமிழ் |  
#genshinimpacttamil #anos97 #mavuika #mavuikaguidetamil
@Robin5041-c4g
Comment: Got both mavuika and cit...",Safe Email (Ham),2025-10-04T13:10:32.496355
551,"New reply to a comment on ""Complete Mavuika Guide | தமிழ் | #genshinimpacttamil #anos97 #mavuika #mavuikaguidetamil""",YouTube <noreply@youtube.com>,"Fri, 03 Jan 2025 19:27:57 -0800","New reply to a comment on ""Complete Mavuika Guide | தமிழ் |  
#genshinimpacttamil #anos97 #mavuika #mavuikaguidetamil""
🌟 @anos97tamil replied to Robin's comment
Reply: Congrats on your pulls bro 🥳...",Phishing Detected! Intent: Scam Offer,2025-10-04T13:10:32.893208
552,"I want to study, but I waste my whole day without doing anything significant, and am ...?",Quora Digest <english-quora-digest@quora.com>,"Sat, 04 Jan 2025 13:49:42 +0000","Top stories for Drivetv

-----

Question: I want to study, but I waste my whole day without doing anything significant, and am unable to concentrate. What should I do?


Answer from Akshay Jain...",Safe Email (Ham),2025-10-04T13:10:33.318921
553,⏰ Last chance to win a lifetime of Proton by Jan 5,Proton <no-reply@news.proton.me>,"Sat, 04 Jan 2025 16:25:14 +0000 (UTC)","Join the Proton Lifetime Charity Fundraiser to support online freedom and privacy.

[Proton](https://proton.me/)

Join our charity fundraiser before it ends on January 5th

[Proton Lifetime Fundraiser...",Phishing Detected! Intent: Scam Offer,2025-10-04T13:10:35.650767
554,Is the 16L package too low for 16 years of experience in TCS?,Quora Digest <english-quora-digest@quora.com>,"Mon, 06 Jan 2025 06:26:05 +0000","Top stories for Drivetv

-----

Question: Is the 16L package too low for 16 years of experience in TCS?


Answer from Ashutosh Sinha


I will tell you one recent example in which one of my f...",Safe Email (Ham),2025-10-04T13:10:36.954306
555,My PPF account is soon going to mature. Should I take my maturity or if I can continu...?,Quora Digest <english-quora-digest@quora.com>,"Wed, 08 Jan 2025 06:16:16 +0000","Top stories for Drivetv

-----

Question: My PPF account is soon going to mature. Should I take my maturity or if I can continue investing? What are the options available once it matures?


Ans...",Safe Email (Ham),2025-10-04T13:10:38.154414
556,Is preparing for UPSC a waste of time?,Quora Digest <english-quora-digest@quora.com>,"Thu, 09 Jan 2025 13:57:12 +0000","Top stories for Drivetv

-----

Question: Is preparing for UPSC a waste of time?


Answer from Suryansh Sodhani


I will be completely honest with my answer

Preparing for UPSC is a comple...",Safe Email (Ham),2025-10-04T13:10:38.542269
557,How was your result of the NEET 2024?,Quora Digest <english-quora-digest@quora.com>,"Sat, 11 Jan 2025 13:48:48 +0000","Top stories for Drivetv

-----

Question: How was your result of the NEET 2024?


Answer from ANSH


RESULT (SCAM) IS OUT! WTF NTA??????

Scored 678 as expected and got a rank of 9697, not...",Safe Email (Ham),2025-10-04T13:10:38.973973
558,What is the current salary in SBI PO and other perks?,Quora Digest <english-quora-digest@quora.com>,"Mon, 13 Jan 2025 07:04:04 +0000","Top stories for Drivetv

-----

Question: What is the current salary in SBI PO and other perks?


Answer from Kanthaswamy Balasubramaniam


Basic Pay - ₹ 41,800 to ₹ 42,250

DA plus allowa...",Phishing Detected! Intent: Scam Offer,2025-10-04T13:10:39.460454
559,"More related to ""What is the first MBBS professional exam?""",Quora <curiosity-noreply@quora.com>,"Wed, 15 Jan 2025 03:50:44 +0000","Stories from your activity

-----

Question: Which MBBS professional exam (I, II, III) is the most difficult to pass?


Answer from Dr. Amrita Mukhopadhyay


My father and sister (and her ba...",Safe Email (Ham),2025-10-04T13:10:39.954875
560,Are IAS officers happy?,Quora Digest <english-quora-digest@quora.com>,"Wed, 15 Jan 2025 06:53:43 +0000","Top stories for Drivetv

-----

Question: Are IAS officers happy?


Answer from A Villager


Many are not

Recently a news has surfaced about one IAS officer

IAS officer Neha Marvya, a ...",Phishing Detected! Intent: Scam Offer,2025-10-04T13:10:40.367275
561,Do MBBS students have to study all the time? I have heard that medical college studen...?,Quora Digest <english-quora-digest@quora.com>,"Thu, 16 Jan 2025 06:17:41 +0000","Top stories for Drivetv

-----

Question: Do MBBS students have to study all the time? I have heard that medical college students have a lot of pressure, they barely complete their sleep.


Ans...",Safe Email (Ham),2025-10-04T13:10:40.793297
562,Many MBBS students regret choosing to study medicine. What are the most common reason...?,Quora Digest <english-quora-digest@quora.com>,"Fri, 17 Jan 2025 13:03:31 +0000","Top stories for Drivetv

-----

Question: Many MBBS students regret choosing to study medicine. What are the most common reasons why this happens and how can one prevent this?


Answer from DR ...",Safe Email (Ham),2025-10-04T13:10:41.178290
563,RaiKami loves your comment,YouTube <noreply@youtube.com>,"Fri, 17 Jan 2025 22:56:41 -0800","RaiKami loves your comment
RaiKami loves your comment on their post: Which character will you pick in  
the fre...
@Robin5041-c4g
Comment: I need Gaming 🥹
Post:  
https://www.youtube.com/channel...",Safe Email (Ham),2025-10-04T13:10:41.599272
564,Why is TCS sending offer letters without an interview?,Quora Digest <english-quora-digest@quora.com>,"Sun, 19 Jan 2025 06:29:50 +0000","Top stories for Drivetv

-----

Question: Why is TCS sending offer letters without an interview?


Answer from Thakur Bikram Pratap


Because due to WFH ,the exisiting employees who have exp...",Safe Email (Ham),2025-10-04T13:10:42.011364
565,Is MBBS not made for those who forget facts easily despite revision?,Quora Digest <english-quora-digest@quora.com>,"Mon, 20 Jan 2025 12:44:54 +0000","Top stories for Drivetv

-----

Question: Is MBBS not made for those who forget facts easily despite revision?


Answer from Vaibhav Verma


Hi …

Im vaibhav student at a private medical c...",Safe Email (Ham),2025-10-04T13:10:42.421035
566,What is a lateral MBBS?,Quora Digest <english-quora-digest@quora.com>,"Wed, 22 Jan 2025 06:30:15 +0000","Top stories for Drivetv

-----

Question: What is a lateral MBBS?


Answer from Srinivas Shentar


Lateral entry to MBBS is a new concept proposed to be implemented by Govt of India. It has ...",Safe Email (Ham),2025-10-04T13:10:42.923870
567,I am a second year MBBS student. How can I study pathology?,Quora Digest <english-quora-digest@quora.com>,"Thu, 23 Jan 2025 06:27:29 +0000","Top stories for Drivetv

-----

Question: I am a second year MBBS student. How can I study pathology?


Answer from Bhavuk Jain


Pathology,i guess is one of the most beautiful subject of 2n...",Safe Email (Ham),2025-10-04T13:10:43.356479
568,Is an MBBS abroad easier?,Quora Digest <english-quora-digest@quora.com>,"Fri, 24 Jan 2025 12:52:35 +0000","Top stories for Drivetv

-----

Question: Is an MBBS abroad easier?


Answer from Dr. Ankit Kumar


I am currently studying MBBS in Russia. In these 4 years, I have heard a lot of people say...",Safe Email (Ham),2025-10-04T13:10:43.779803
569,"Alert for Lenovo Legion Slim 5 16APH8 82Y9008MIN Gaming Laptop (AMD Ryzen 7
 7840HS/ 16GB/ 512GB SSD/ Win11/ 8GB Graph) - Smartprix.com",Smartprix.com <noreply@smartprix.com>,"Fri, 24 Jan 2025 14:23:39 +0000","<div>
Hey Drivetv Movie, This is an alert for Lenovo Legion Slim 5 16APH8 82Y9008MIN Gaming Laptop (AMD Ryzen 7 7840HS/ 16GB/ 512GB SSD/ Win11/ 8GB Graph)!

________________________________________...",Phishing Detected! Intent: Scam Offer,2025-10-04T13:10:44.188811
570,What is your 1st year MBBS percentage?,Quora Digest <english-quora-digest@quora.com>,"Sun, 26 Jan 2025 06:28:53 +0000","Top stories for Drivetv

-----

Question: What is your 1st year MBBS percentage?


Answer from Shifa Patel


After a stretch of 2 months , the long awaited result arrived … finally survived ...",Safe Email (Ham),2025-10-04T13:10:44.626673
571,Many MBBS students regret choosing to study medicine. What are the most common reason...?,Quora Digest <english-quora-digest@quora.com>,"Mon, 27 Jan 2025 12:59:06 +0000","Top stories for Drivetv

-----

Question: Many MBBS students regret choosing to study medicine. What are the most common reasons why this happens and how can one prevent this?


Answer from Dr....",Safe Email (Ham),2025-10-04T13:10:45.089542
573,I scored 951 marks in NEET. What college will I suppose to get?,Quora Digest <english-quora-digest@quora.com>,"Wed, 29 Jan 2025 06:30:57 +0000","Top stories for Drivetv

-----

Question: I scored 951 marks in NEET. What college will I suppose to get?


Answer from Shikhar Singh


Congratulations on your brilliant score. I don't think...",Safe Email (Ham),2025-10-04T13:10:45.499251
574,We’re donating $1 million to support online freedom and democracy,Proton <no-reply@news.proton.me>,"Wed, 29 Jan 2025 12:58:27 +0000 (UTC)","From record-breaking donations to new tools for privacy and productivity, your support helps us create a free, private internet for everyone.

[Proton](https://proton.me/)

Community update

Dear Prot...",Phishing Detected! Intent: Scam Offer,2025-10-04T13:10:47.471960
576,What should I not do in my MBBS 1st year?,Quora Digest <english-quora-digest@quora.com>,"Thu, 30 Jan 2025 06:27:06 +0000","Top stories for Drivetv

-----

Question: What should I not do in my MBBS 1st year?


Answer from Dr. Sonu Tanwar


 * Don't fall in love in your first year.
 * 
 * You can if you want to ...",Phishing Detected! Intent: Scam Offer,2025-10-04T13:10:48.049304
577,Is 19 too old for MBBS? Will I feel out of place if join at this age? I'm a bit anxious.,Quora Digest <english-quora-digest@quora.com>,"Fri, 31 Jan 2025 12:51:59 +0000","Top stories for Drivetv

-----

Question: Is 19 too old for MBBS? Will I feel out of place if join at this age? I'm a bit anxious.


Answer from Mukul Shrivastava


I don't mean to belittle ...",Safe Email (Ham),2025-10-04T13:10:48.464290
578,"New reply to a comment on ""How to end up FIXING your Genshin Account in only 20 MINUTES… #genshinimpact #genshin #shorts""",YouTube <noreply@youtube.com>,"Sat, 01 Feb 2025 22:06:45 -0800","New reply to a comment on ""How to end up FIXING your Genshin Account in  
only 20 MINUTES… #genshinimpact #genshin #shorts""
@GenshinLover-n8c replied to ChawnDo's comment
Reply: Can you fix my acco...",Phishing Detected! Intent: Scam Offer,2025-10-04T13:10:48.871694
579,Why is an MBBS so overrated?,Quora Digest <english-quora-digest@quora.com>,"Sun, 02 Feb 2025 06:22:00 +0000","Top stories for Drivetv

-----

Question: Why is an MBBS so overrated?


Answer from Dr Eashan Aneja


Once my English teacher said, “Let’s imagine, one day Eashan becomes an IFS”. I quickly...",Safe Email (Ham),2025-10-04T13:10:49.290468
580,"New reply to a comment on ""How to end up FIXING your Genshin Account in only 20 MINUTES… #genshinimpact #genshin #shorts""",YouTube <noreply@youtube.com>,"Sat, 01 Feb 2025 22:24:19 -0800","New reply to a comment on ""How to end up FIXING your Genshin Account in  
only 20 MINUTES… #genshinimpact #genshin #shorts""
@darktags5289 replied to ChawnDo's comment
Reply: Please gang despite all...",Phishing Detected! Intent: Scam Offer,2025-10-04T13:10:49.695008
581,"New reply to a comment on ""How to end up FIXING your Genshin Account in only 20 MINUTES… #genshinimpact #genshin #shorts""",YouTube <noreply@youtube.com>,"Sat, 01 Feb 2025 22:37:05 -0800","New reply to a comment on ""How to end up FIXING your Genshin Account in  
only 20 MINUTES… #genshinimpact #genshin #shorts""
@BumTickly replied to ChawnDo's comment
Reply: What's up dude I've been p...",Safe Email (Ham),2025-10-04T13:10:50.101606
582,"New reply to a comment on ""They BEGGED ME to fix their Genshin Impact account… #genshinimpact #genshin #shorts""",YouTube <noreply@youtube.com>,"Sun, 02 Feb 2025 00:33:24 -0800","New reply to a comment on ""They BEGGED ME to fix their Genshin Impact  
account… #genshinimpact #genshin #shorts""
@adsscale.rajkot replied to ChawnDo's comment
Reply: My please i just can't do the ...",Phishing Detected! Intent: Scam Offer,2025-10-04T13:10:50.518329
583,"New reply to a comment on ""They BEGGED ME to fix their Genshin Impact account… #genshinimpact #genshin #shorts""",YouTube <noreply@youtube.com>,"Sun, 02 Feb 2025 02:40:31 -0800","New reply to a comment on ""They BEGGED ME to fix their Genshin Impact  
account… #genshinimpact #genshin #shorts""
@xushengou348 replied to ChawnDo's comment
Reply: me please
Video: https://www.you...",Phishing Detected! Intent: Scam Offer,2025-10-04T13:10:50.934554
584,"New reply to a comment on ""They BEGGED ME to fix their Genshin Impact account… #genshinimpact #genshin #shorts""",YouTube <noreply@youtube.com>,"Sun, 02 Feb 2025 02:41:13 -0800","New reply to a comment on ""They BEGGED ME to fix their Genshin Impact  
account… #genshinimpact #genshin #shorts""
@Idoclan replied to ChawnDo's comment
Reply: Me please I don't understand the artif...",Phishing Detected! Intent: Scam Offer,2025-10-04T13:10:51.372507
585,Do MBBS students consider nursing students inferior?,Quora Digest <english-quora-digest@quora.com>,"Mon, 03 Feb 2025 12:54:22 +0000","Top stories for Drivetv

-----

Question: Do MBBS students consider nursing students inferior?


Answer from Pranav Raheja


During my 3rd-year MBBS gynecology posting, I went to the operati...",Safe Email (Ham),2025-10-04T13:10:51.841226
586,"After MBBS, is MD tough or easy?",Quora Digest <english-quora-digest@quora.com>,"Wed, 05 Feb 2025 06:19:43 +0000","Top stories for Drivetv

-----

Question: After MBBS, is MD tough or easy?


Answer from Sai Sriram


When you are in year one, Anatomy is the toughest subject in the history of human educat...",Safe Email (Ham),2025-10-04T13:10:52.257721
587,What is your 1st year MBBS percentage?,Quora Digest <english-quora-digest@quora.com>,"Thu, 06 Feb 2025 06:21:13 +0000","Top stories for Drivetv

-----

Question: What is your 1st year MBBS percentage?


Answer from Vishal Rout


6th March 2023

With Physiology practicals, our 1st Professional MBBS ended, an...",Safe Email (Ham),2025-10-04T13:10:52.666816
588,🔴 Wuthering Waves is live now: Wuthering Waves Version 2.1 Preview Special Broadcast,YouTube <noreply@youtube.com>,"Fri, 07 Feb 2025 02:50:37 -0800","🔴 Wuthering Waves is live now: Wuthering Waves Version 2.1 Preview Special  
Broadcast
Wuthering Waves is live streaming Wuthering Waves Version 2.1 Preview  
Special Broadcast.
Wuthering Waves Ve...",Safe Email (Ham),2025-10-04T13:10:53.093885
589,I am now in MAMC Delhi. Should I drop this year to get into AIIMS Delhi? I am sure to...?,Quora Digest <english-quora-digest@quora.com>,"Fri, 07 Feb 2025 13:14:36 +0000","Top stories for Drivetv

-----

Question: I am now in MAMC Delhi. Should I drop this year to get into AIIMS Delhi? I am sure to get selected next year.


Answer from Praveen Tripathi


Dear ...",Safe Email (Ham),2025-10-04T13:10:53.587905
590,What is your 1st year MBBS percentage?,Quora Digest <english-quora-digest@quora.com>,"Sun, 09 Feb 2025 06:27:53 +0000","Top stories for Drivetv

-----

Question: What is your 1st year MBBS percentage?


Answer from Deepak Kumar


I secured 98.73 %.

If You Still Believe, You can score such marks,

Wake up...",Phishing Detected! Intent: Scam Offer,2025-10-04T13:10:53.994633
591,Senshi Alter loves your comment,YouTube <noreply@youtube.com>,"Sun, 09 Feb 2025 06:57:04 -0800","Senshi Alter loves your comment
Senshi Alter loves your comment on their post: Do you guys prefer Genshin  
or Wuthering ...
@Robin5041-c4g
Comment: After playing wuwa I realised how much Hoyovers...",Safe Email (Ham),2025-10-04T13:10:54.412812
592,Which country's mbbs is accepted in USA without USMLE?,Quora Digest <english-quora-digest@quora.com>,"Mon, 10 Feb 2025 06:25:01 +0000","Top stories for Drivetv

-----

Question: Which country's mbbs is accepted in USA without USMLE?


Answer from Ozair Siddiqui


First of all, if you're indian, Mbbs is actually accepted in U...",Safe Email (Ham),2025-10-04T13:10:54.812122
593,Your Google Account was recovered successfully,Google <no-reply@accounts.google.com>,"Mon, 10 Feb 2025 14:37:42 GMT","[image: Google]
Account recovered successfully


drivetvmovie123@gmail.com
Welcome back to your accountIf you suspect you were locked out of your
account because of changes made by someone else,...",Phishing Detected! Intent: Scam Offer,2025-10-04T13:10:55.228033
594,Security alert,Google <no-reply@accounts.google.com>,"Mon, 10 Feb 2025 14:37:42 GMT","[image: Google]
Your password was changed


drivetvmovie123@gmail.com
The password for your Google account drivetvmovie123@gmail.com was changed.
If you didn't change it, you should recover your...",Phishing Detected! Intent: Malware Delivery,2025-10-04T13:10:55.802581
595,How many hours do medical students study daily?,Quora Digest <english-quora-digest@quora.com>,"Wed, 12 Feb 2025 06:14:23 +0000","Top stories for Drivetv

-----

Question: How many hours do medical students study daily?


Answer from Nilesh Bharti


Let me share my daily routine with you so you can get an idea of how m...",Safe Email (Ham),2025-10-04T13:10:56.287268
596,"New reply to a comment on ""GOOD NEWS! 37 FREE PULLS FOR F2P PLAYERS
 IN FIRST PHASE - Genshin Impact""",YouTube <noreply@youtube.com>,"Wed, 12 Feb 2025 04:13:31 -0800","New reply to a comment on ""GOOD NEWS! 37 FREE PULLS FOR F2P PLAYERS IN  
FIRST PHASE - Genshin Impact""
@misskata8511 replied to Robin's comment
Reply: I'm new in the game, so yeah...
Video: https:...",Safe Email (Ham),2025-10-04T13:10:56.718502
597,Can IITians share their class 10 percentage?,Quora Digest <english-quora-digest@quora.com>,"Thu, 13 Feb 2025 12:54:26 +0000","Top stories for Drivetv

-----

Question: Can IITians share their class 10 percentage?


Answer from Mihika Saxena


I passed class 10th in year 2020 (haan covid tha but hamare exams dene ke...",Safe Email (Ham),2025-10-04T13:10:57.165168
598,How do I prepare for NEET PG during an internship?,Quora Digest <english-quora-digest@quora.com>,"Sat, 15 Feb 2025 13:41:32 +0000","Top stories for Drivetv

-----

Question: How do I prepare for NEET PG during an internship?


Answer from Aditaya Raj Singh


Ok i got AIR 269 in neet pg 2024 with 655 marks

ATTEMPTED-20...",Safe Email (Ham),2025-10-04T13:10:57.588178
600,Did you resign from SBI?,Quora Digest <english-quora-digest@quora.com>,"Mon, 17 Feb 2025 06:24:32 +0000","Top stories for Drivetv

-----

Question: Did you resign from SBI?


Answer from Prathamesh Choukekar


Yes, I worked as SBI Clerk for around 14 months and surprisingly I had a good experien...",Safe Email (Ham),2025-10-04T13:10:58.082124
603,I interviewed for a position 2 weeks ago and was ultimately notified that they were m...?,Quora Digest <english-quora-digest@quora.com>,"Wed, 19 Feb 2025 06:20:26 +0000","Top stories for Drivetv

-----

Question: I interviewed for a position 2 weeks ago and was ultimately notified that they were moving forward with a different candidate. I noticed that they had rep...",Safe Email (Ham),2025-10-04T13:10:58.490019
604,"Which is better, MRCP or USMLE?",Quora Digest <english-quora-digest@quora.com>,"Thu, 20 Feb 2025 12:56:25 +0000","Top stories for Drivetv

-----

Question: Which is better, MRCP or USMLE?


Answer from Kavyansh Bhan


Even though I'm currently in the UK, I would advise people to take up the USMLE. There...",Safe Email (Ham),2025-10-04T13:10:58.912834
605,I’m now starting with my 3rd year MBBS. Should I take Marrow or PrepLadder? Which pla...?,Quora Digest <english-quora-digest@quora.com>,"Sat, 22 Feb 2025 13:56:28 +0000","Top stories for Drivetv

-----

Question: I’m now starting with my 3rd year MBBS. Should I take Marrow or PrepLadder? Which plan should I take, as most of my batchmates are taking Marrow Plan C fo...",Safe Email (Ham),2025-10-04T13:10:59.424363
606,Do professors help in the final MBBS exams?,Quora Digest <english-quora-digest@quora.com>,"Mon, 24 Feb 2025 06:15:50 +0000","Top stories for Drivetv

-----

Question: Do professors help in the final MBBS exams?


Answer from Pranav Raheja


It was my microbiology final exam in my second-year professional examinati...",Safe Email (Ham),2025-10-04T13:10:59.834547
608,"Medical students, what advice would you like to give your juniors who will be joining...?",Quora Digest <english-quora-digest@quora.com>,"Wed, 26 Feb 2025 06:21:43 +0000","Top stories for Drivetv

-----

Question: Medical students, what advice would you like to give your juniors who will be joining the college next month?


Answer from Dr. Vartika Varshney


1...",Safe Email (Ham),2025-10-04T13:11:00.248480
609,What should I not do in my MBBS 1st year?,Quora Digest <english-quora-digest@quora.com>,"Thu, 27 Feb 2025 12:59:05 +0000","Top stories for Drivetv

-----

Question: What should I not do in my MBBS 1st year?


Answer from Soumodip Roy


1. Don't add Dr. before your name!
2. Don't let many people entering into yo...",Safe Email (Ham),2025-10-04T13:11:00.706852
610,Is 64% a bad score for 1st MBBS?,Quora Digest <english-quora-digest@quora.com>,"Sat, 01 Mar 2025 13:57:11 +0000","Top stories for Drivetv

-----

Question: Is 64% a bad score for 1st MBBS?


Answer from Sai Vishal


85% is a bad mark in MBBS even during final year.

64% is absolute nonsense.

You kn...",Safe Email (Ham),2025-10-04T13:11:01.166703
611,"Were you a NEET dropper? If so, what were your marks in NEET before and after a year?",Quora Digest <english-quora-digest@quora.com>,"Mon, 03 Mar 2025 06:19:43 +0000","Top stories for Drivetv

-----

Question: Were you a NEET dropper? If so, what were your marks in NEET before and after a year?


Answer from Abhinav Goswami


First Attempt—2020

425/720,...",Safe Email (Ham),2025-10-04T13:11:01.583895
612,"New reply to a comment on ""Phrolova, Cartethiya & Zani Kit Leaks
 Wuthering Waves Character Abilities Revealed!""",YouTube <noreply@youtube.com>,"Mon, 03 Mar 2025 19:42:27 -0800","New reply to a comment on ""Phrolova, Cartethiya & Zani Kit Leaks Wuthering  
Waves Character Abilities Revealed!""
@Szeryfcia replied to Robin's comment
Reply: I Think Spectro Rover will be fine wit...",Safe Email (Ham),2025-10-04T13:11:01.987774
613,JEN loves your comment,YouTube <noreply@youtube.com>,"Tue, 04 Mar 2025 00:25:04 -0800","JEN loves your comment
JEN loves your comment on their post: How's Wuthering Waves for you so far?  
F...
@Robin5041-c4g
Comment: I still regret that I left at 1.0 but that's also becoz of my low ...",Phishing Detected! Intent: Scam Offer,2025-10-04T13:11:02.451360
614,"New reply to a comment on ""How's Wuthering Waves for you so far? F...""",YouTube <noreply@youtube.com>,"Tue, 04 Mar 2025 00:27:12 -0800","New reply to a comment on ""How's Wuthering Waves for you so far? F...""
🌟 @ArizenHizumi replied to Robin's comment
Reply: Congrats buddy!
Post:  
https://www.youtube.com/channel/UCUdFPC4vl8Kdzo4_Iu...",Phishing Detected! Intent: Scam Offer,2025-10-04T13:11:03.007070
616,What is your 1st year MBBS percentage?,Quora Digest <english-quora-digest@quora.com>,"Wed, 05 Mar 2025 06:20:49 +0000","Top stories for Drivetv

-----

Question: What is your 1st year MBBS percentage?


Answer from Aditya Mandal


Having recently passed first year MBBS at AIIMS Bhubaneswar, I would like to co...",Safe Email (Ham),2025-10-04T13:11:03.484584
617,Is Sadhguru brainwashing people?,Quora Digest <english-quora-digest@quora.com>,"Thu, 06 Mar 2025 06:16:56 +0000","Top stories for Drivetv

-----

Question: Is Sadhguru brainwashing people?


Answer from Manish Kumar Awasthi (Manu)


Yes, he is brainwashing the people and I’m the victim of the same. I wo...",Safe Email (Ham),2025-10-04T13:11:03.932638
618,What should I not do in my MBBS 1st year?,Quora Digest <english-quora-digest@quora.com>,"Fri, 07 Mar 2025 06:24:46 +0000","Top stories for Drivetv

-----

Question: What should I not do in my MBBS 1st year?


Answer from Rivu Bhakta


I will be glad to answer this question as I am officially a second year studen...",Safe Email (Ham),2025-10-04T13:11:04.429495
619,Do BAMS and MBBS degrees have the same value?,Quora Digest <english-quora-digest@quora.com>,"Sat, 08 Mar 2025 06:16:00 +0000","Top stories for Drivetv

-----

Question: Do BAMS and MBBS degrees have the same value?


Answer from Kamal Poddar


BAMS Earn more and better choice ( Not a Joke or Sarcastic Answer)

Thi...",Phishing Detected! Intent: Financial Fraud,2025-10-04T13:11:04.853539
620,"As a student of MBBS, what 3 things can you share with us that have improved your life?",Quora Digest <english-quora-digest@quora.com>,"Sun, 09 Mar 2025 06:11:53 +0000","Top stories for Drivetv

-----

Question: As a student of MBBS, what 3 things can you share with us that have improved your life?


Answer from Kalpana


1. Never be friends with your roomma...",Safe Email (Ham),2025-10-04T13:11:05.285552
621,I failed in 1st year MBBS and I had to give supplementary. I am lagging with my 2nd y...?,Quora Digest <english-quora-digest@quora.com>,"Mon, 10 Mar 2025 06:25:06 +0000","Top stories for Drivetv

-----

Question: I failed in 1st year MBBS and I had to give supplementary. I am lagging with my 2nd year batchmates by 4 months. How do I cope up with the syllabus?


...",Safe Email (Ham),2025-10-04T13:11:05.777573
622,What is your 1st year MBBS percentage?,Quora Digest <english-quora-digest@quora.com>,"Tue, 11 Mar 2025 06:20:41 +0000","Top stories for Drivetv

-----

Question: What is your 1st year MBBS percentage?


Answer from Dr. Sonam Yadav


72.66%😌

ANATOMY Distinction 🏆❤

We got our results today only. I was the...",Safe Email (Ham),2025-10-04T13:11:06.178842
624,🫵फोटो 1 :- हैंड पंप से पानी भरती ये महिला मुगल बादशाह बाबर हुमायूँ अकबर औरंगजेब के वंश की आखिरी औलाद सुल्ताना बेगम हैं। हावड़ा स्टेशन के करीब झोपड़...,Quora Suggested Spaces <hindunationalists-space@quora.com>,"Tue, 11 Mar 2025 14:33:29 +0000","Trending Stories from HINDU NATIONALISTS

-----



🫵फोटो 1 :- हैंड पंप से पानी भरती ये महिला मुगल बादशाह बाबर हुमायूँ अकबर औरंगजेब के वंश की आखिरी औलाद सुल्ताना बेगम हैं।
हावड़ा स्टेशन के करीब ...",Phishing Detected! Intent: Scam Offer,2025-10-04T13:11:06.588415
625,Is a 2.82 GPA in my first semester of college good?,Quora Digest <english-quora-digest@quora.com>,"Wed, 12 Mar 2025 06:15:50 +0000","Top stories for Drivetv

-----

Question: Is a 2.82 GPA in my first semester of college good?


Answer from Reid Hammond


The only reason I'm answering this question is because the other re...",Safe Email (Ham),2025-10-04T13:11:07.064576
626,What is your 1st year MBBS percentage?,Quora Digest <english-quora-digest@quora.com>,"Thu, 13 Mar 2025 06:15:58 +0000","Top stories for Drivetv

-----

Question: What is your 1st year MBBS percentage?


Answer from Sarthak Basu


Well, well, wellllllll…

Just got the results of 1st proff and you guess what?...",Safe Email (Ham),2025-10-04T13:11:07.468671
627,"In a TCS interview, the interviewer asked, ""If you were given a choice to choose betw...?",Quora Digest <english-quora-digest@quora.com>,"Fri, 14 Mar 2025 06:31:56 +0000","Top stories for Drivetv

-----

Question: In a TCS interview, the interviewer asked, ""If you were given a choice to choose between a job offer from Google and TCS, what would you choose?"" What is ...",Safe Email (Ham),2025-10-04T13:11:07.879289
628,I'm 29. I have wasted 7 years for government exam preparation. What should I do?,Quora Digest <english-quora-digest@quora.com>,"Sat, 15 Mar 2025 06:10:39 +0000","Top stories for Drivetv

-----

Question: I'm 29. I have wasted 7 years for government exam preparation. What should I do?


Answer from A Villager


When I was in the 12th grade, I learned ...",Safe Email (Ham),2025-10-04T13:11:08.335237
629,How many Krishnas were in the Mahabharata?,Quora Digest <english-quora-digest@quora.com>,"Sun, 16 Mar 2025 06:25:03 +0000","Top stories for Drivetv

-----

Question: How many Krishnas were in the Mahabharata?


Answer from Madhav Dasa


Total Five…!!!!! There were five Krishnas in Mahabharata.

1. Vasudeva Kris...",Safe Email (Ham),2025-10-04T13:11:08.752506
630,I'm 29. I have wasted 7 years for government exam preparation. What should I do?,Quora Digest <english-quora-digest@quora.com>,"Mon, 17 Mar 2025 01:10:48 +0000","Top stories for Drivetv

-----

Question: I'm 29. I have wasted 7 years for government exam preparation. What should I do?


Answer from Niya


I was in similar situation few years back.afte...",Safe Email (Ham),2025-10-04T13:11:09.206194
631,"More related to ""The free courses available on Coursera sometimes require a specific amount of fee for...?""",Quora <curiosity-noreply@quora.com>,"Tue, 18 Mar 2025 01:23:11 +0000","Stories from your activity

-----

Question: If I finish a course on Coursera within the 7 day trial period, will I get a certificate for free?


Answer from Arjan Tupan


First, for this, y...",Safe Email (Ham),2025-10-04T13:11:09.664289
632,My CIBIL score is 555. What does it mean?,Quora Digest <english-quora-digest@quora.com>,"Tue, 18 Mar 2025 01:29:21 +0000","Top stories for Drivetv

-----

Question: My CIBIL score is 555. What does it mean?


Answer from Kanthaswamy Balasubramaniam


Greater than 800 -Very Low Default Risk

Between 720 to 800 ...",Safe Email (Ham),2025-10-04T13:11:10.094778
633,Image source Twitter,Quora Suggested Spaces <nationfirstrastrasarvopari-space@quora.com>,"Tue, 18 Mar 2025 11:04:00 +0000","Trending Stories from Nation first(राष्ट्र सर्वोपरि)🇮🇳🇮🇳🇮🇳🚩🚩🚩

-----



Image source Twitter



Read More: https://www.quora.com/qemail/track_click?al_imp=eyJ0eXBlIjogMzMsICJoYXNoIjogIjB8MXw...",Safe Email (Ham),2025-10-04T13:11:10.691026
634,[Brave Community] Summary,Brave Community <notifications@brave.discoursemail.com>,"Tue, 18 Mar 2025 11:41:04 +0000","A brief summary of [Brave Community][1] since 2025-03-11 11:29:30 UTC

42 New Topics
1 Unread Notifications
961 New Users

-----------------------------------------------------------------------...",Safe Email (Ham),2025-10-04T13:11:12.044509
635,What is your 1st year MBBS percentage?,Quora Digest <english-quora-digest@quora.com>,"Wed, 19 Mar 2025 06:15:23 +0000","Top stories for Drivetv

-----

Question: What is your 1st year MBBS percentage?


Answer from Ashutosh


The result came almost a month ago.

I scored 74.22% (668/900) marks, with one dis...",Safe Email (Ham),2025-10-04T13:11:13.149230
636,How do I prepare for 1st year MBBS in 3 months?,Quora Digest <english-quora-digest@quora.com>,"Thu, 20 Mar 2025 01:21:17 +0000","Top stories for Drivetv

-----

Question: How do I prepare for 1st year MBBS in 3 months?


Answer from Swasti Das


Well.. before going into that.. let me attach my scores.. I scored 644/90...",Safe Email (Ham),2025-10-04T13:11:14.150770
637,Welcome to a wonderful world of learning,"""Coursera"" <Coursera@m.learn.coursera.org>","Thu, 20 Mar 2025 10:15:34 +0000","We’re excited to meet the newest member of Coursera’s global
community—you!          body, table, td, th, h1, h2, h3, div,
span, strong, b, i, p, ul, ol, li, a { font-family: Helvetica,
sans-serif !im...",Phishing Detected! Intent: Scam Offer,2025-10-04T13:11:14.629513
638,"After MBBS, is MD tough or easy?",Quora Digest <english-quora-digest@quora.com>,"Fri, 21 Mar 2025 01:13:42 +0000","Top stories for Drivetv

-----

Question: After MBBS, is MD tough or easy?


Answer from Aheli Bal


A couple of years back, I thought MBBS is the toughest phase of life.

19 subjects, 4 p...",Safe Email (Ham),2025-10-04T13:11:15.184856
639,🔴 Wuthering Waves is live now: Wuthering Waves Version 2.2 Preview Special Broadcast,YouTube <noreply@youtube.com>,"Fri, 21 Mar 2025 03:51:39 -0700","🔴 Wuthering Waves is live now: Wuthering Waves Version 2.2 Preview Special  
Broadcast
Wuthering Waves is live streaming Wuthering Waves Version 2.2 Preview  
Special Broadcast.
Wuthering Waves Ve...",Safe Email (Ham),2025-10-04T13:11:15.862583
640,🔴 鳴潮 is live now: 《鳴潮》2.2版本前瞻通訊,YouTube <noreply@youtube.com>,"Fri, 21 Mar 2025 03:51:43 -0700","🔴 鳴潮 is live now: 《鳴潮》2.2版本前瞻通訊
鳴潮 is live streaming 《鳴潮》2.2版本前瞻通訊.
《鳴潮》2.2版本前瞻通訊
http://www.youtube.com/watch?v=ciQEI2jsf6U&feature=em-lbrm
You received this email because you requested a reminde...",Phishing Detected! Intent: Scam Offer,2025-10-04T13:11:17.191994
643,New sign in to Steam,"""Steam Team"" <noreply@steampowered.com>","Fri, 21 Mar 2025 04:00:00 -0700","
New sign in to Steam
From your account ""robin_12004""

Location of sign in:
Coimbatore, Tamil Nadu, IN

Authorized by:
Steam Guard code from your email

If the details above look familiar, you...",Safe Email (Ham),2025-10-04T13:11:18.251074
645,New to using Canva for school? Start here 👉,Canva <marketing@engage.canva.com>,"Fri, 21 Mar 2025 12:04:49 +0000 (UTC)","Templates to help you ace your schoolwork

Canva  ( https://l.engage.canva.com/ss/c/u001.Note3it1gaozj0PIggVG9tplar3juom3GwdJknmjC21di9DGyBTImplV1SSjUE-6/4ez/vYfJmR99Qjm4hUK1RS1Yug/t0/h001.7M3Y-sxxu...",Phishing Detected! Intent: Scam Offer,2025-10-04T13:11:18.980784
646,Which is the most difficult year in MBBS?,Quora Digest <english-quora-digest@quora.com>,"Sat, 22 Mar 2025 01:26:57 +0000","Top stories for Drivetv

-----

Question: Which is the most difficult year in MBBS?


Answer from Thirak Vaishnav


The year when they are preparing for NEET-PG.

Honestly, I am very disap...",Safe Email (Ham),2025-10-04T13:11:19.431700
647,Courses you can complete in 8 hours or less,"""Coursera"" <Coursera@m.learn.coursera.org>","Sat, 22 Mar 2025 19:46:35 +0000","<!DOCTYPE html>
<html xmlns:v=""urn:schemas-microsoft-com:vml"" xmlns:o=""urn:schemas-microsoft-com:office:office"" lang=""en"">
<head>
<title></title>
<meta http-equiv=""Content-Type"" content=""text/html; ch...",Safe Email (Ham),2025-10-04T13:11:19.839493
648,Infosys HR called and discussed the package and said you will get an offer letter wit...?,Quora Digest <english-quora-digest@quora.com>,"Sun, 23 Mar 2025 01:25:45 +0000","Top stories for Drivetv

-----

Question: Infosys HR called and discussed the package and said you will get an offer letter within 10 business days, but it has been more than 3 weeks. Can I still ...",Safe Email (Ham),2025-10-04T13:11:20.308584
649,A design has been shared with you,Canva <marketing@engage.canva.com>,"Sun, 23 Mar 2025 21:01:20 +0000 (UTC)","Would you like to take a look?  ͏ ͏ ͏ ͏ ͏ ͏ ͏ ͏ ͏ ͏ ͏ ͏ ͏ ͏ ͏ ͏
͏ ͏ ͏ ͏ ͏ ͏ ͏ ͏ ͏ ͏ ͏ ͏ ͏ ͏ ͏ ͏ ͏ ͏ ͏ ͏ ͏ ͏ ͏ ͏ ͏ ͏ ͏ ͏ ͏ ͏ ͏ ͏ ͏
͏ ͏ ͏ ͏ ͏ ͏ ͏ ͏ ͏ ͏ ͏ ͏ ͏ ͏ ͏ ͏ ͏ ͏ ͏ ͏ ͏ ͏ ͏ ͏ ͏ ͏ ͏ ͏ ͏ ͏ ͏ ͏ ͏
͏...",Phishing Detected! Intent: Scam Offer,2025-10-04T13:11:20.795180
650,"Which MBBS professional exam (I, II, III) is the most difficult to pass?",Quora Digest <english-quora-digest@quora.com>,"Mon, 24 Mar 2025 01:22:07 +0000","Top stories for Drivetv

-----

Question: Which MBBS professional exam (I, II, III) is the most difficult to pass?


Answer from Dr. Amrita Mukhopadhyay


My father and sister (and her batch...",Safe Email (Ham),2025-10-04T13:11:21.240703
651,Finish a course in just 8 hours,"""Coursera"" <Coursera@m.learn.coursera.org>","Mon, 24 Mar 2025 19:47:49 +0000","<!DOCTYPE html>
<html xmlns:v=""urn:schemas-microsoft-com:vml"" xmlns:o=""urn:schemas-microsoft-com:office:office"" lang=""en"">
<head>
<title></title>
<meta http-equiv=""Content-Type"" content=""text/html; ch...",Safe Email (Ham),2025-10-04T13:11:21.661297
652,Which MD courses are easy after MBBS?,Quora Digest <english-quora-digest@quora.com>,"Tue, 25 Mar 2025 01:21:58 +0000","Top stories for Drivetv

-----

Question: Which MD courses are easy after MBBS?


Answer from Dr.Aparna Prakash Gopalan


None of them…?

Well, each one has its own set of problems. But ge...",Safe Email (Ham),2025-10-04T13:11:22.105693
653,[Brave Community] Summary,Brave Community <notifications@brave.discoursemail.com>,"Tue, 25 Mar 2025 11:56:48 +0000","A brief summary of [Brave Community][1] since 2025-03-18 11:41:04 UTC

66 New Topics
1 Unread Notifications
832 New Users

-----------------------------------------------------------------------...",Safe Email (Ham),2025-10-04T13:11:22.556813
654,"हिंदू महिलाओं को ‘नंगा कर मारने’ की धमकी दे रहे थे, काफिरों यहाँ से भागो, ये हमारा इलाका है। शनिवार रात गाड़ी खड़ा करने को लेकर हिन्दू युवक की किसी...",Quora Suggested Spaces <buzztimes-space@quora.com>,"Tue, 25 Mar 2025 16:45:16 +0000","Trending Stories from Buzz Times

-----



हिंदू महिलाओं को ‘नंगा कर मारने’ की धमकी दे रहे थे, काफिरों यहाँ से भागो, ये हमारा इलाका है।
शनिवार रात गाड़ी खड़ा करने को लेकर हिन्दू युवक की किसी मु...",Phishing Detected! Intent: Scam Offer,2025-10-04T13:11:22.961744
655,What is your 1st year MBBS percentage?,Quora Digest <english-quora-digest@quora.com>,"Wed, 26 Mar 2025 06:27:15 +0000","Top stories for Drivetv

-----

Question: What is your 1st year MBBS percentage?


Answer from M Kiran Raju


My results were declared a few days ago. So here it is:

Overall: 692/900 (76....",Safe Email (Ham),2025-10-04T13:11:23.489905
656,What are the things that most MBBS students fail to understand during UG life?,Quora Digest <english-quora-digest@quora.com>,"Thu, 27 Mar 2025 02:02:03 +0000","Top stories for Drivetv

-----

Question: What are the things that most MBBS students fail to understand during UG life?


Answer from Dinesh R P


When I was in 3rd year of MBBS, I had unin...",Safe Email (Ham),2025-10-04T13:11:24.001648
657,We’re updating our Terms of Service and Privacy Policy,Pinterest <recommendations@discover.pinterest.com>,"Thu, 27 Mar 2025 10:25:46 +0000","





Pinterest

651 Brannan Street, San Francisco, CA, 94107

    Help Center: https://www.pinterest.com/email/click/?user_id=MTExNTQxNTE3MDExODgxOTQ4Mw%3D%3D&od=dD02MjgxZGEzZGNjMzY0ZjIyYjE...",Phishing Detected! Intent: Scam Offer,2025-10-04T13:11:24.598961
658,Want to become a business intelligence analyst?,"""Coursera"" <Coursera@m.learn.coursera.org>","Thu, 27 Mar 2025 19:51:16 +0000","<!DOCTYPE >
<html style=""scroll-behavior: smooth; -webkit-font-smoothing: antialiased; -moz-osx-font-smoothing: grayscale; height: 100% !important; width: 100% !important; color-scheme: light dark; su...",Phishing Detected! Intent: Scam Offer,2025-10-04T13:11:25.198672
659,Is the PG seat in Armed Forces Medical College (AFMC) guaranteed?,Quora Digest <english-quora-digest@quora.com>,"Fri, 28 Mar 2025 01:21:34 +0000","Top stories for Drivetv

-----

Question: Is the PG seat in Armed Forces Medical College (AFMC) guaranteed?


Answer from Kilroy


No ,PG seats at AFMC are not guranteed .

After you pass ...",Safe Email (Ham),2025-10-04T13:11:25.822236
660,Did anyone leave MBBS halfway due to stress and lack of interest?,Quora Digest <english-quora-digest@quora.com>,"Sat, 29 Mar 2025 01:33:30 +0000","Top stories for Drivetv

-----

Question: Did anyone leave MBBS halfway due to stress and lack of interest?


Answer from Adru Silvernitrate


1. My batch mate who joined with us failed to c...",Safe Email (Ham),2025-10-04T13:11:26.240646
661,Is 2nd year of medical school harder than 1st year?,Quora Digest <english-quora-digest@quora.com>,"Sun, 30 Mar 2025 01:27:51 +0000","Top stories for Drivetv

-----

Question: Is 2nd year of medical school harder than 1st year?


Answer from Dr. Rutuja T


Yes it is.

First year is termed difficult because of the fact th...",Safe Email (Ham),2025-10-04T13:11:26.766076
662,Security alert,Google <no-reply@accounts.google.com>,"Sun, 30 Mar 2025 13:50:03 GMT","[image: Google]
A new sign-in on Windows


drivetvmovie123@gmail.com
We noticed a new sign-in to your Google Account on a Windows device. If
this was you, you don’t need to do anything. If not, ...",Phishing Detected! Intent: Malware Delivery,2025-10-04T13:11:27.170996
663,New job-ready skills await!,"""Coursera"" <Coursera@m.learn.coursera.org>","Sun, 30 Mar 2025 19:51:36 +0000","<!DOCTYPE html PUBLIC ""-//W3C//DTD XHTML 1.0 Transitional//EN"" ""http://www.w3.org/TR/xhtml1/DTD/xhtml1-transitional.dtd"">
<html xmlns=""http://www.w3.org/1999/xhtml"" style=""scroll-behavior: smooth; -we...",Phishing Detected! Intent: Scam Offer,2025-10-04T13:11:27.699928
664,How many hours do medical students study daily?,Quora Digest <english-quora-digest@quora.com>,"Mon, 31 Mar 2025 01:21:05 +0000","Top stories for Drivetv

-----

Question: How many hours do medical students study daily?


Answer from Mayukh Hazra


Depends on various factors .

There are 3 kinds of medical students :...",Safe Email (Ham),2025-10-04T13:11:28.292152
665,Has anyone faked being asleep so they could enjoy what was happening to them?,Quora Digest <english-quora-digest@quora.com>,"Tue, 01 Apr 2025 01:19:13 +0000","Top stories for Drivetv

-----

Question: Has anyone faked being asleep so they could enjoy what was happening to them?


Answer from Stakan Petrovich


I was 16 year old boy. My dad was goi...",Safe Email (Ham),2025-10-04T13:11:28.900977
666,मृत्यु के बाद क्यों जल्दी होती है लाश को जलाने की...❓ कृपया 2 मिनट समय निकालकर Thread अंत तक अवश्य पढ़े.... 🧵👇 जब भी हमारे परिचित या किसी अपने की म...,Quora Suggested Spaces <buzztimes-space@quora.com>,"Tue, 01 Apr 2025 09:06:07 +0000","Trending Stories from Buzz Times

-----



मृत्यु के बाद क्यों जल्दी होती है लाश को जलाने की...❓
कृपया 2 मिनट समय निकालकर Thread अंत तक अवश्य पढ़े.... 🧵👇
जब भी हमारे परिचित या किसी अपने की मृत...",Phishing Detected! Intent: Scam Offer,2025-10-04T13:11:29.319115
668,Why is vitamin B12 so dangerous?,Quora Digest <english-quora-digest@quora.com>,"Wed, 02 Apr 2025 06:17:42 +0000","Top stories for Drivetv

-----

Question: Why is vitamin B12 so dangerous?


Answer from Cindy Kaplan


It is not dangerous.

B12 is vital for basic health. One should be able to get enoug...",Safe Email (Ham),2025-10-04T13:11:29.741688
669,🔴 KADOKAWAanime is live now: TVアニメ『履いてください、鷹峰さん』放送直前生配信,YouTube <noreply@youtube.com>,"Wed, 02 Apr 2025 04:50:20 -0700","🔴 KADOKAWAanime is live now: TVアニメ『履いてください、鷹峰さん』放送直前生 
配信
KADOKAWAanime is live streaming TVアニメ『履いてください、鷹峰さん』放送直前 
生配信.
TVアニメ『履いてください、鷹峰さん』放送直前生配信
http://www.youtube.com/watch?v=Jq9p5JuH34I&featu...",Phishing Detected! Intent: Scam Offer,2025-10-04T13:11:30.185137
670,Welcome to Slidesgo,Slidesgo <info@slidesgo.com>,"Wed, 02 Apr 2025 13:24:07 +0000","   freepik <https://slidesgo.com/> <https://slidesgo.com/>
<https://slidesgo.com/recent?premium=1>    ==  Get comfy and enjoy the ride
 ==

      Congrats, your account has been successfully activ...",Phishing Detected! Intent: Malware Delivery,2025-10-04T13:11:30.656881
671,Welcome to Slidesgo,Slidesgo <info@slidesgo.com>,"Wed, 02 Apr 2025 13:24:09 +0000","   freepik <https://slidesgo.com/> <https://slidesgo.com/>
<https://slidesgo.com/recent?premium=1>    ==  Get comfy and enjoy the ride
 ==

      Congrats, your account has been successfully activ...",Phishing Detected! Intent: Malware Delivery,2025-10-04T13:11:31.071108
673,"Three truths about success, and so much more","""Coursera"" <Coursera@m.learn.coursera.org>","Wed, 02 Apr 2025 19:52:00 +0000","<!DOCTYPE html>
<html style=""scroll-behavior: smooth; -webkit-font-smoothing: antialiased; -moz-osx-font-smoothing: grayscale; height: 100% !important; width: 100% !important; color-scheme: light dark...",Phishing Detected! Intent: Scam Offer,2025-10-04T13:11:31.478129
674,Why did Biharis pass in all competitive exams like IPS and IIT?,Quora Digest <english-quora-digest@quora.com>,"Thu, 03 Apr 2025 01:20:51 +0000","Top stories for Drivetv

-----

Question: Why did Biharis pass in all competitive exams like IPS and IIT?


Answer from Rapture


I asked the same question to my dad.

My dad explained the...",Safe Email (Ham),2025-10-04T13:11:31.885432
675,What is your 1st year MBBS percentage?,Quora Digest <english-quora-digest@quora.com>,"Fri, 04 Apr 2025 01:19:41 +0000","Top stories for Drivetv

-----

Question: What is your 1st year MBBS percentage?


Answer from Ayush Charit


Neither a special result, nor a very satisfying one..

I scored 72.1% with a G...",Safe Email (Ham),2025-10-04T13:11:32.295542
676,Is it worth becoming a doctor?,Quora Digest <english-quora-digest@quora.com>,"Sat, 05 Apr 2025 12:43:20 +0000","Top stories for Drivetv

-----

Question: Is it worth becoming a doctor?


Answer from Himank Gupta


I will talk about financial aspect only. I come from a family of doctors and I have just...",Safe Email (Ham),2025-10-04T13:11:32.703198
677,Your personalized recommendations are ready,"""Coursera"" <Coursera@m.learn.coursera.org>","Sat, 05 Apr 2025 19:55:14 +0000","<!DOCTYPE html PUBLIC ""-//W3C//DTD XHTML 1.0 Transitional//EN"" ""http://www.w3.org/TR/xhtml1/DTD/xhtml1-transitional.dtd"">
<html xmlns=""http://www.w3.org/1999/xhtml"" style=""scroll-behavior: smooth; -we...",Phishing Detected! Intent: Scam Offer,2025-10-04T13:11:33.128454
678,How was your NEET 2024? Have you planned anything?,Quora Digest <english-quora-digest@quora.com>,"Sun, 06 Apr 2025 12:52:20 +0000","Top stories for Drivetv

-----

Question: How was your NEET 2024? Have you planned anything?


Answer from Aditya Saluja


In my opinion, my exam went very well compared to last year. I only...",Safe Email (Ham),2025-10-04T13:11:33.605837
679,How was your result of the NEET 2024?,Quora Digest <english-quora-digest@quora.com>,"Mon, 07 Apr 2025 12:53:05 +0000","Top stories for Drivetv

-----

Question: How was your result of the NEET 2024?


Answer from Arya Paramanik


I'm scoring 634/720 with an All India Rank of 44476. Which is horribly heartbre...",Safe Email (Ham),2025-10-04T13:11:34.037839
680,[Brave Community] Summary,Brave Community <notifications@brave.discoursemail.com>,"Tue, 08 Apr 2025 12:32:46 +0000","A brief summary of [Brave Community][1] since 2025-04-01 12:18:24 UTC

67 New Topics
1 Unread Notifications
1002 New Users

----------------------------------------------------------------------...",Safe Email (Ham),2025-10-04T13:11:34.442633
681,These programs are just for you,"""Coursera"" <Coursera@m.learn.coursera.org>","Tue, 08 Apr 2025 19:55:51 +0000","<!DOCTYPE html PUBLIC ""-//W3C//DTD XHTML 1.0 Transitional//EN"" ""http://www.w3.org/TR/xhtml1/DTD/xhtml1-transitional.dtd"">
<html xmlns=""http://www.w3.org/1999/xhtml"" style=""scroll-behavior: smooth; -we...",Phishing Detected! Intent: Scam Offer,2025-10-04T13:11:34.890783
682,Is it worth becoming a doctor?,Quora Digest <english-quora-digest@quora.com>,"Wed, 09 Apr 2025 06:16:39 +0000","Top stories for Drivetv

-----

Question: Is it worth becoming a doctor?


Answer from Amit Saklani


I will talk about India only.

Earlier ,say 10 years back ,medicine /surgery were 1 of...",Safe Email (Ham),2025-10-04T13:11:35.319582
683,What makes a person boring?,Quora Digest <english-quora-digest@quora.com>,"Thu, 10 Apr 2025 01:30:36 +0000","Top stories for Drivetv

-----

Question: What makes a person boring?


Answer from Anshul


In our college, there was this guy. He always kept to himself, never made any efforts to mingle w...",Safe Email (Ham),2025-10-04T13:11:35.743965
684,Gaming with Abyss loves your comment,YouTube <noreply@youtube.com>,"Thu, 10 Apr 2025 11:59:41 -0700","Gaming with Abyss loves your comment
Gaming with Abyss loves your comment on Mt. Firmament 100% Exploration  
Guide Wuthering Waves Mt. Firmament All Chests & Collectibles
@Robin5041-c4g
Comment: ...",Safe Email (Ham),2025-10-04T13:11:36.155241
685,"New reply to a comment on ""Mt. Firmament 100% Exploration Guide
 Wuthering Waves Mt. Firmament All Chests & Collectibles""",YouTube <noreply@youtube.com>,"Thu, 10 Apr 2025 12:01:40 -0700","New reply to a comment on ""Mt. Firmament 100% Exploration Guide Wuthering  
Waves Mt. Firmament All Chests & Collectibles""
🌟 @GamingWithAbyss replied to Robin's comment
Reply: You're welcome
Video...",Phishing Detected! Intent: Scam Offer,2025-10-04T13:11:36.584687
686,"Learn from Google, IBM, Meta, and more","""Coursera"" <Coursera@m.learn.coursera.org>","Thu, 10 Apr 2025 19:57:13 +0000","<!DOCTYPE html>
<html style=""width: 100% !important; scroll-behavior: smooth; -webkit-font-smoothing: antialiased; -moz-osx-font-smoothing: grayscale; height: 100% !important; color-scheme: light dark...",Phishing Detected! Intent: Scam Offer,2025-10-04T13:11:36.990081
687,How much did you score in the 2nd MBBS exam?,Quora Digest <english-quora-digest@quora.com>,"Fri, 11 Apr 2025 01:26:35 +0000","Top stories for Drivetv

-----

Question: How much did you score in the 2nd MBBS exam?


Answer from Tuja


Hey guys ! I’m a medical student under RGUHS (Karnataka) and we gave our 2nd prof ...",Safe Email (Ham),2025-10-04T13:11:37.434125
690,🔴 アニプレックス チャンネル just started a Premiere: TVアニメ「青春ブタ野郎はバニーガール先輩の夢を見ない」再放送｜第1話「先輩はバニーガール」,YouTube <noreply@youtube.com>,"Sat, 12 Apr 2025 05:00:38 -0700","🔴 アニプレックス チャンネル just started a Premiere: TVアニメ「青春ブタ野郎 
はバニーガール先輩の夢を見ない」再放送｜第1話「先輩はバニーガール」
アニプレックス チャンネル is premiering TVアニメ「青春ブタ野郎はバニーガール 
先輩の夢を見ない」再放送｜第1話「先輩はバニーガール」.
TVアニメ「青春ブタ野郎はバニーガール先輩の夢を見ない」...",Phishing Detected! Intent: Scam Offer,2025-10-04T13:11:37.897947
691,I am scoring between 400-450 in my NEET mock tests with only 25 days. How can I impro...?,Quora Digest <english-quora-digest@quora.com>,"Sat, 12 Apr 2025 12:46:03 +0000","Top stories for Drivetv

-----

Question: I am scoring between 400-450 in my NEET mock tests with only 25 days. How can I improve my score up to 550?


Answer from Kanishkaa Balasubramanian

...",Safe Email (Ham),2025-10-04T13:11:38.335811
694,"Build your skills, expand your horizons","""Coursera"" <Coursera@m.learn.coursera.org>","Sat, 12 Apr 2025 19:57:24 +0000","<!DOCTYPE html>
<html style=""width: 100% !important; scroll-behavior: smooth; -webkit-font-smoothing: antialiased; -moz-osx-font-smoothing: grayscale; height: 100% !important; color-scheme: light dark...",Phishing Detected! Intent: Scam Offer,2025-10-04T13:11:38.759862
697,How is the USMLE environment in VMMC?,Quora Digest <english-quora-digest@quora.com>,"Sun, 13 Apr 2025 12:46:19 +0000","Top stories for Drivetv

-----

Question: How is the USMLE environment in VMMC?


Answer from Aditya Shekhar Dash


Those who are interested to give Usmle are very determined in vmmc, as it ...",Safe Email (Ham),2025-10-04T13:11:39.209285
699,How does one get a goldmedal in MBBS?,Quora Digest <english-quora-digest@quora.com>,"Mon, 14 Apr 2025 12:49:39 +0000","Top stories for Drivetv

-----

Question: How does one get a goldmedal in MBBS?


Answer from Dr.Abinash Dutta


Ok. Here’s the thing. Don’t go there. Don’t make that your agenda in life. An...",Safe Email (Ham),2025-10-04T13:11:39.674410
700,[Brave Community] Summary,Brave Community <notifications@brave.discoursemail.com>,"Tue, 15 Apr 2025 12:37:21 +0000","A brief summary of [Brave Community][1] since 2025-04-08 12:32:46 UTC

45 New Topics
1 Unread Notifications
926 New Users

-----------------------------------------------------------------------...",Safe Email (Ham),2025-10-04T13:11:40.202534
702,I am scoring 122 marks in the NEET 2022. Will I be able to score 650+ in NEET 2023?,Quora Digest <english-quora-digest@quora.com>,"Wed, 16 Apr 2025 06:13:05 +0000","Top stories for Drivetv

-----

Question: I am scoring 122 marks in the NEET 2022. Will I be able to score 650+ in NEET 2023?


Answer from Troy


Hey

let me tell you my story!

i am a ...",Safe Email (Ham),2025-10-04T13:11:40.667952
703,drivetv: Welcome to Google AI Studio,Google AI Studio <googleaistudio-noreply@google.com>,"Wed, 16 Apr 2025 10:19:45 -0700","Welcome to Google AI Studio, drivetv  
<https://notifications.google.com/g/p/ANiao5oXRxmRr77a3yQXKrHI2nixHZ5CM-PaaWyJG-KdHBmIDDbCpedrXqNoNkZ0FtBLvhz1x_cz4XKJa44FFuuBVdQnERFFbfpDSLhb3JAMAnep70MbwbwHKD...",Safe Email (Ham),2025-10-04T13:11:41.107560
704,Why is AIIMS UG teaching poor? Why do so few AIIMS UG graduates get through in their ...?,Quora Digest <english-quora-digest@quora.com>,"Thu, 17 Apr 2025 01:13:34 +0000","Top stories for Drivetv

-----

Question: Why is AIIMS UG teaching poor? Why do so few AIIMS UG graduates get through in their own post graduate exam?


Answer from Aditya Gupta


I specific...",Safe Email (Ham),2025-10-04T13:11:41.547979
705,Who are the most fake idols in K-pop?,Quora Digest <english-quora-digest@quora.com>,"Fri, 18 Apr 2025 01:28:41 +0000","Top stories for Drivetv

-----

Question: Who are the most fake idols in K-pop?


Answer from Moniscaj Elle


I am going to be completely honest with this answer, I am very scared to post th...",Safe Email (Ham),2025-10-04T13:11:42.015342
706,🔴 Wuthering Waves is live now: Wuthering Waves Version 2.3 Preview Special Broadcast,YouTube <noreply@youtube.com>,"Sat, 19 Apr 2025 03:50:40 -0700","🔴 Wuthering Waves is live now: Wuthering Waves Version 2.3 Preview Special  
Broadcast
Wuthering Waves is live streaming Wuthering Waves Version 2.3 Preview  
Special Broadcast.
Wuthering Waves Ve...",Safe Email (Ham),2025-10-04T13:11:42.434016
707,🔴 鳴潮 (Wuthering Waves)公式 is live now: 『鳴潮』Ver2.3 予告特別通信,YouTube <noreply@youtube.com>,"Sat, 19 Apr 2025 03:50:43 -0700","🔴 鳴潮 (Wuthering Waves)公式 is live now: 『鳴潮』Ver2.3 予告特別通信
鳴潮 (Wuthering Waves)公式 is live streaming 『鳴潮』Ver2.3 予告特別通信.
『鳴潮』Ver2.3 予告特別通信
http://www.youtube.com/watch?v=6daAnF8TtGs&feature=em-lbrm
You...",Phishing Detected! Intent: Scam Offer,2025-10-04T13:11:42.840124
708,How tough is the USMLE?,Quora Digest <english-quora-digest@quora.com>,"Sat, 19 Apr 2025 12:49:26 +0000","Top stories for Drivetv

-----

Question: How tough is the USMLE?


Answer from Kyle John


The likes of PLAB, AMC pales in comparison to the USMLE.

Simply put, while USMLE is a graduate ...",Safe Email (Ham),2025-10-04T13:11:43.318629
709,"New reply to a comment on ""Wuthering Waves Version 2.3 ""Fiery Arpeg...""",YouTube <noreply@youtube.com>,"Sat, 19 Apr 2025 07:33:54 -0700","New reply to a comment on ""Wuthering Waves Version 2.3 ""Fiery Arpeg...""
@-Marc06 replied to your reply on Robin's comment
Reply: @Robin5041-c4g bro me too , I missed xaingli yao
Post:  
https://ww...",Phishing Detected! Intent: Scam Offer,2025-10-04T13:11:43.735086
710,"New reply to a comment on ""12 Banners… But NO Free 5-Star?! | Wuwa 2.3 Anniversary Breakdown""",YouTube <noreply@youtube.com>,"Sat, 19 Apr 2025 08:37:44 -0700","New reply to a comment on ""12 Banners… But NO Free 5-Star?! | Wuwa 2.3  
Anniversary Breakdown""
@Reggaement replied to Robin's comment
Reply: I’m missing him too so sad they don’t throw it out agai...",Safe Email (Ham),2025-10-04T13:11:44.141042
711,VoidEnigma loves your comment,YouTube <noreply@youtube.com>,"Sat, 19 Apr 2025 08:48:26 -0700","VoidEnigma loves your comment
VoidEnigma loves your comment on 12 Banners… But NO Free 5-Star?! | Wuwa  
2.3 Anniversary Breakdown
@Robin5041-c4g
Comment: see i started playing WuWa after 1.4 so i...",Safe Email (Ham),2025-10-04T13:11:44.564299
712,"New reply to a comment on ""12 Banners… But NO Free 5-Star?! | Wuwa 2.3 Anniversary Breakdown""",YouTube <noreply@youtube.com>,"Sat, 19 Apr 2025 09:19:28 -0700","New reply to a comment on ""12 Banners… But NO Free 5-Star?! | Wuwa 2.3  
Anniversary Breakdown""
@mosquito-j5n replied to Robin's comment
Reply: If they make it guarantee image how much money they a...",Phishing Detected! Intent: Scam Offer,2025-10-04T13:11:45.014319
713,"New reply to a comment on ""12 Banners… But NO Free 5-Star?! | Wuwa 2.3 Anniversary Breakdown""",YouTube <noreply@youtube.com>,"Sat, 19 Apr 2025 09:29:35 -0700","New reply to a comment on ""12 Banners… But NO Free 5-Star?! | Wuwa 2.3  
Anniversary Breakdown""
@onlineresident2174 replied to Robin's comment
Reply: Wait it isn't guaranteed? I thought they said i...",Phishing Detected! Intent: Scam Offer,2025-10-04T13:11:45.561867
714,"New reply to a comment on ""12 Banners… But NO Free 5-Star?! | Wuwa 2.3 Anniversary Breakdown""",YouTube <noreply@youtube.com>,"Sat, 19 Apr 2025 09:30:18 -0700","New reply to a comment on ""12 Banners… But NO Free 5-Star?! | Wuwa 2.3  
Anniversary Breakdown""
@seraphieIis replied to Robin's comment
Reply: Yeah, true, Wuthering Waves Could Never~
Video: https...",Phishing Detected! Intent: Scam Offer,2025-10-04T13:11:46.310563
715,"New reply to a comment on ""12 Banners… But NO Free 5-Star?! | Wuwa 2.3 Anniversary Breakdown""",YouTube <noreply@youtube.com>,"Sat, 19 Apr 2025 10:31:17 -0700","New reply to a comment on ""12 Banners… But NO Free 5-Star?! | Wuwa 2.3  
Anniversary Breakdown""
@boohooo-f1b replied to Robin's comment
Reply: @ yea that would be better honestly. Im not expecting ...",Safe Email (Ham),2025-10-04T13:11:46.887638
